step_idx,obs_0,obs_1,obs_2,obs_3,obs_4,obs_5,obs_6,obs_7,obs_8,obs_9,obs_10,obs_11,obs_12,obs_13,obs_14,obs_15,obs_16,obs_17,obs_18,obs_19,obs_20,obs_21,obs_22,obs_23,obs_24,raw_action_0,raw_action_1,raw_action_2,raw_action_3,raw_action_4,raw_action_5,raw_action_6,raw_action_7,direct_joint_command_0,direct_joint_command_1,direct_joint_command_2,direct_joint_command_3,direct_joint_command_4,direct_joint_command_5,direct_joint_command_6,direct_joint_command_7
0,1.917476083690417e-06,-0.52359938621521,-9.58738019107841e-06,0.7853885889053345,1.917476083690417e-06,1.3089860677719116,1.917476083690417e-06,0.039000000804662704,-1.8468066872057588e-15,-3.394110359317159e-15,-1.5810765962541033e-16,1.0150610964626224e-15,-6.441477511401285e-16,-6.34413185289139e-17,-1.0865177488050609e-15,-0.0,0.3756270408630371,-0.16922397911548615,-0.07633258402347565,-0.09311208873987198,-0.9956403374671936,-0.0055198934860527515,-0.9939743876457214,0.09327547252178192,-0.05757216736674309,-0.9762299060821533,3.1958374977111816,-0.8020034432411194,0.17799653112888336,-0.9830755591392517,-2.7184512615203857,0.41587358713150024,-0.2379567176103592,-0.02928498014807701,-0.0359448567032814,-0.024069689214229584,0.7907285094261169,-0.02949034981429577,1.2789860963821411,0.012478121556341648,116.5
1,-0.00026844663079828024,-0.5230874419212341,-0.0006097573786973953,0.7854710221290588,-0.0005081311101093888,1.3083053827285767,0.0005503155989572406,0.04399999976158142,-0.003862344427034259,0.0073138014413416386,-0.008573857136070728,0.0011778781190514565,-0.007286408916115761,-0.00972434226423502,0.007834259420633316,-0.0,0.3756270408630371,-0.16922397911548615,-0.07633258402347565,-0.09311208873987198,-0.9956403374671936,-0.0055198934860527515,-0.9939743876457214,0.09327547252178192,-0.05757216736674309,-0.9812602400779724,3.1898579597473145,-0.8014125227928162,0.17762090265750885,-0.9924153685569763,-2.7152674198150635,0.41401711106300354,-0.23874221742153168,-0.029706252738833427,-0.0359448567032814,-0.024652132764458656,0.7907996773719788,-0.030280591920018196,1.2783054113388062,0.012970826588571072,116.5
2,-0.014139467850327492,-0.5096306204795837,-0.014618837274610996,0.7896645665168762,-0.013746385462582111,1.2952933311462402,0.010891263373196125,0.11699999868869781,-0.15033011138439178,0.13600383698940277,-0.1449337899684906,0.04147226735949516,-0.13263455033302307,-0.1254851073026657,0.09869522601366043,-0.0,0.37571007013320923,-0.16930922865867615,-0.0762590691447258,-0.09423607587814331,-0.9955353736877441,-0.005370171740651131,-0.9938486218452454,0.09438888728618622,-0.05792778357863426,-1.0506168603897095,3.1098930835723877,-0.7457082271575928,0.17487534880638123,-1.1749571561813354,-2.6863768100738525,0.40006351470947266,-0.26698607206344604,-0.04413946717977524,-0.0359448567032814,-0.03699008375406265,0.7949108481407166,-0.04374638572335243,1.2652933597564697,0.022893168032169342,116.5
3,-0.015197915025055408,-0.5078223943710327,-0.01565619185566902,0.7905657887458801,-0.015642769634723663,1.2930383682250977,0.012595899403095245,0.14800000190734863,-0.046841200441122055,0.048950422555208206,-0.044622406363487244,0.019229544326663017,-0.050813112407922745,-0.05308669060468674,0.04037656635046005,-0.0,0.37595081329345703,-0.1693374216556549,-0.07609689235687256,-0.09309355914592743,-0.9956439733505249,-0.0051647573709487915,-0.993945300579071,0.0932362973690033,-0.05813483148813248,-1.0416663885116577,2.9860963821411133,-0.8093776106834412,0.2112172245979309,-1.093202829360962,-2.5810530185699463,0.3741251528263092,-0.22650645673274994,-0.04519791528582573,-0.0359448567032814,-0.039937518537044525,0.7969022989273071,-0.04564277082681656,1.2630383968353271,0.023819653317332268,116.5
4,-0.0228428915143013,-0.5003480911254883,-0.02373260073363781,0.7930259108543396,-0.02320721186697483,1.2854586839675903,0.018411604687571526,0.1809999942779541,-0.11614426225423813,0.12255410850048065,-0.12501943111419678,0.04139008745551109,-0.12417026609182358,-0.1283065378665924,0.09847608953714371,-0.0,0.37556272745132446,-0.1688360869884491,-0.07612735778093338,-0.09406638890504837,-0.9955597519874573,-0.0034956256859004498,-0.9938464760780334,0.09410962462425232,-0.05841661989688873,-1.0727885961532593,2.9532277584075928,-0.767978310585022,0.1986786425113678,-1.1917171478271484,-2.570154905319214,0.36811357736587524,-0.2462025284767151,-0.052842892706394196,-0.0359448567032814,-0.04677195101976395,0.7989862561225891,-0.05320721119642258,1.2554587125778198,0.02945500984787941,116.5
5,-0.028572309762239456,-0.4948660433292389,-0.029415998607873917,0.7951255440711975,-0.028480270877480507,1.280245065689087,0.021962769329547882,0.21299999952316284,-0.15301458537578583,0.14422158896923065,-0.15372678637504578,0.052840158343315125,-0.14131797850131989,-0.1398387849330902,0.10006485134363174,-0.0,0.37660837173461914,-0.16998283565044403,-0.07585077732801437,-0.09505882859230042,-0.9954552054405212,-0.005720476619899273,-0.9937960505485535,0.09523053467273712,-0.05745049566030502,-1.1006689071655273,2.877819061279297,-0.7604399919509888,0.2094796895980835,-1.2469298839569092,-2.5229556560516357,0.36141642928123474,-0.2454340010881424,-0.05857230722904205,-0.0359448567032814,-0.05222919583320618,0.8014099597930908,-0.05848027020692825,1.2502450942993164,0.03280526399612427,116.5
6,-0.034411024302244186,-0.4882526695728302,-0.03537359833717346,0.7979345917701721,-0.03506871685385704,1.2732980251312256,0.026817819103598595,0.2460000067949295,-0.11315847933292389,0.12564946711063385,-0.11477463692426682,0.052949730306863785,-0.12419766187667847,-0.13033358752727509,0.0900665894150734,-0.0,0.37587839365005493,-0.16962315142154694,-0.07627358287572861,-0.09229239076375961,-0.9957202076911926,-0.004827944096177816,-0.9940991401672363,0.09241752326488495,-0.0567965991795063,-1.0975110530853271,2.776245355606079,-0.7762975096702576,0.22247004508972168,-1.2295219898223877,-2.4405832290649414,0.3370809853076935,-0.22924436628818512,-0.06441102176904678,-0.0359448567032814,-0.058662522584199905,0.8046087026596069,-0.06506871432065964,1.243298053741455,0.03693024814128876,116.5
7,-0.040959205478429794,-0.4824254512786865,-0.04221131652593613,0.8000380992889404,-0.041051242500543594,1.267511010169983,0.0307141300290823,0.27799999713897705,-0.13805827498435974,0.13162103295326233,-0.14430376887321472,0.04848475009202957,-0.13389460742473602,-0.13296326994895935,0.09099793434143066,-0.0,0.37607330083847046,-0.16926051676273346,-0.07609164714813232,-0.09209895879030228,-0.9957420229911804,-0.003942262381315231,-0.9941075444221497,0.09217362850904465,-0.057045381516218185,-1.1192831993103027,2.6847429275512695,-0.7638291120529175,0.23594196140766144,-1.2779972553253174,-2.380364418029785,0.3336403965950012,-0.22375042736530304,-0.07095920294523239,-0.0359448567032814,-0.06512618809938431,0.8071163296699524,-0.07105123996734619,1.2375110387802124,0.04072333872318268,116.5
8,-0.04656590521335602,-0.4761687219142914,-0.047766245901584625,0.8030350804328918,-0.04723701998591423,1.2610664367675781,0.03471782058477402,0.3109999895095825,-0.13208670914173126,0.13490812480449677,-0.13296326994895935,0.061112698167562485,-0.13611340522766113,-0.13852393627166748,0.08738212287425995,-0.0,0.37692317366600037,-0.1698596328496933,-0.0755699947476387,-0.09516800940036774,-0.995452344417572,-0.004199501592665911,-0.993773341178894,0.09525136649608612,-0.05780746415257454,-1.1305540800094604,2.5846853256225586,-0.7689692974090576,0.2467431277036667,-1.293587565422058,-2.303657293319702,0.3137706220149994,-0.2147873044013977,-0.07656590640544891,-0.0359448567032814,-0.07083532214164734,0.8104373812675476,-0.07723701745271683,1.2310664653778076,0.04413093626499176,116.5
9,-0.05254843086004257,-0.47030508518218994,-0.05400954559445381,0.8054549694061279,-0.053037386387586594,1.2553197145462036,0.03835335373878479,0.3440000116825104,-0.1280599981546402,0.13419592380523682,-0.13164842128753662,0.05763385072350502,-0.1316758096218109,-0.13334675133228302,0.08376631140708923,-0.0,0.376808762550354,-0.1694650650024414,-0.07556384056806564,-0.0926726907491684,-0.9956943988800049,-0.002092128386721015,-0.993974506855011,0.09263573586940765,-0.05859429016709328,-1.1411402225494385,2.4686145782470703,-0.7698367834091187,0.2678278684616089,-1.3140978813171387,-2.2201740741729736,0.2976605296134949,-0.20109501481056213,-0.08254843205213547,-0.0359448567032814,-0.07710465043783188,0.8134897947311401,-0.08303738385438919,1.225319743156433,0.047283172607421875,116.5
10,-0.057804230600595474,-0.4651355743408203,-0.05930561572313309,0.8080838322639465,-0.058316197246313095,1.2499566078186035,0.04148075729608536,0.37299999594688416,-0.1333741545677185,0.12825174629688263,-0.13698996603488922,0.060236137360334396,-0.13033358752727509,-0.1306075006723404,0.07919175922870636,-0.0,0.376220703125,-0.16943132877349854,-0.0759749487042427,-0.09382428228855133,-0.9955809712409973,-0.003941206727176905,-0.9938983917236328,0.0938948318362236,-0.057876426726579666,-1.16150963306427,2.3597023487091064,-0.7729572653770447,0.2702917456626892,-1.3427495956420898,-2.1321322917938232,0.2860220968723297,-0.19060544669628143,-0.08780422806739807,-0.0359448567032814,-0.0824943333864212,0.8161925673484802,-0.08831619471311569,1.219956636428833,0.0500614196062088,116.5
11,-0.06432748585939407,-0.45825183391571045,-0.06604170799255371,0.8116330504417419,-0.0650944784283638,1.2430498600006104,0.045350223779678345,0.4059999883174896,-0.12926527857780457,0.13523684442043304,-0.13296326994895935,0.07050833106040955,-0.13441506028175354,-0.13756521046161652,0.07727428525686264,-0.0,0.3771943747997284,-0.17005911469459534,-0.0755108967423439,-0.09497548639774323,-0.99546879529953,-0.004642442800104618,-0.9937422275543213,0.09508410096168518,-0.05861251428723335,-1.1701858043670654,2.2432470321655273,-0.7695966362953186,0.28390228748321533,-1.3627249002456665,-2.0433027744293213,0.265963077545166,-0.17969562113285065,-0.09432748705148697,-0.0359448567032814,-0.08912960439920425,0.8201501369476318,-0.0950944796204567,1.2130498886108398,0.053329117596149445,116.5
12,-0.07010292261838913,-0.45274868607521057,-0.07188617438077927,0.8143961429595947,-0.07057270407676697,1.2375850677490234,0.04823602735996246,0.43799999356269836,-0.13038836419582367,0.12847089767456055,-0.13323718309402466,0.06448198109865189,-0.12696430087089539,-0.12732040882110596,0.06870042532682419,-0.0,0.37694627046585083,-0.16986145079135895,-0.07570826262235641,-0.09379033744335175,-0.9955728650093079,-0.0061629340052604675,-0.9938873052597046,0.09399004280567169,-0.057912226766347885,-1.1861069202423096,2.1030502319335938,-0.7728598713874817,0.30317097902297974,-1.3883073329925537,-1.935876727104187,0.2507300078868866,-0.16255663335323334,-0.10010292381048203,-0.0359448567032814,-0.09507197141647339,0.8234912753105164,-0.10057270526885986,1.207585096359253,0.055757924914360046,116.5
13,-0.07572688162326813,-0.4468121826648712,-0.07765010744333267,0.8177939057350159,-0.07658591121435165,1.2314242124557495,0.05125988647341728,0.47099998593330383,-0.12515640258789062,0.12704648077487946,-0.12767650187015533,0.07031658291816711,-0.12852567434310913,-0.13096360862255096,0.0655776783823967,-0.0,0.37692081928253174,-0.16952382028102875,-0.07561974972486496,-0.09370899945497513,-0.9955897927284241,-0.004425400868058205,-0.9938758015632629,0.09380728006362915,-0.05840408429503441,-1.1999049186706543,1.9638452529907227,-0.7759848237037659,0.3108152151107788,-1.4089112281799316,-1.8209739923477173,0.2294602394104004,-0.14821983873844147,-0.10572688281536102,-0.0359448567032814,-0.10092964768409729,0.8271183371543884,-0.10658591240644455,1.201424241065979,0.05814369022846222,116.5
14,-0.08169789612293243,-0.4409274458885193,-0.08376685529947281,0.8211590647697449,-0.08245338499546051,1.2255854606628418,0.05400954559445381,0.5040000081062317,-0.12986791133880615,0.13230584561824799,-0.13326458632946014,0.0754389837384224,-0.1325797736644745,-0.13288109004497528,0.06327670812606812,-0.0,0.377573698759079,-0.16985918581485748,-0.07521796971559525,-0.09424476325511932,-0.9955409169197083,-0.004027510993182659,-0.9938215017318726,0.09431867301464081,-0.058505069464445114,-1.216751217842102,1.8204314708709717,-0.7728109359741211,0.3261866569519043,-1.4409610033035278,-1.7088572978973389,0.21022605895996094,-0.13340000808238983,-0.10966227203607559,-0.0359448567032814,-0.10695118457078934,0.8309446573257446,-0.10966227203607559,1.1955854892730713,0.06031632423400879,116.5
15,-0.087544284760952,-0.43498900532722473,-0.08969952911138535,0.8247025609016418,-0.08832085877656937,1.2195972204208374,0.056490760296583176,0.5360000133514404,-0.13189496099948883,0.13156624138355255,-0.13430549204349518,0.07793170213699341,-0.12992268800735474,-0.13148406147956848,0.056894250214099884,-0.0,0.3779686391353607,-0.1700754016637802,-0.07498124241828918,-0.09534282237291336,-0.9954314827919006,-0.005083326715976,-0.993699312210083,0.0954766795039177,-0.058701030910015106,-1.2313055992126465,1.6680803298950195,-0.7715758085250854,0.3389555811882019,-1.4664021730422974,-1.5840497016906738,0.19157744944095612,-0.11600147187709808,-0.10966227203607559,-0.0359448567032814,-0.10966227203607559,0.834871232509613,-0.10966227203607559,1.189597249031067,0.06223808228969574,116.5
16,-0.09325260668992996,-0.4291081130504608,-0.09552865475416183,0.8284263014793396,-0.09418641775846481,1.2137086391448975,0.058782145380973816,0.5669999718666077,-0.12707386910915375,0.1316758096218109,-0.12959398329257965,0.08108184486627579,-0.13052533566951752,-0.13164842128753662,0.051963597536087036,-0.0,0.3771408498287201,-0.1697205752134323,-0.07542293518781662,-0.09452889859676361,-0.9955073595046997,-0.005421907640993595,-0.9937909245491028,0.0946841686964035,-0.05843406543135643,-1.2423090934753418,1.5062220096588135,-0.7726789712905884,0.34224337339401245,-1.484854817390442,-1.4432481527328491,0.16760261356830597,-0.0983186587691307,-0.10966227203607559,-0.0359448567032814,-0.10966227203607559,0.8386936187744141,-0.10966227203607559,1.183708667755127,0.06381022185087204,116.5
17,-0.09917569160461426,-0.42330583930015564,-0.10152652114629745,0.8322861790657043,-0.10002705454826355,1.2077548503875732,0.060814667493104935,0.5989999771118164,-0.13038836419582367,0.12940223515033722,-0.13249759376049042,0.08551942557096481,-0.12992268800735474,-0.13159364461898804,0.04695076867938042,-0.0,0.3763609528541565,-0.1696745604276657,-0.07607685029506683,-0.09564792364835739,-0.9953951239585876,-0.00632005138322711,-0.9937184453010559,0.09585351496934891,-0.057756297290325165,-1.2590506076812744,1.3309106826782227,-0.7714326977729797,0.33848631381988525,-1.5104609727859497,-1.2856112718582153,0.14588406682014465,-0.07936660945415497,-0.10966227203607559,-0.0359448567032814,-0.10966227203607559,0.8424407839775085,-0.10966227203607559,1.1777548789978027,0.06519118696451187,116.5
18,-0.10535380244255066,-0.41664835810661316,-0.10669028013944626,0.8365698456764221,-0.1060786098241806,1.2011529207229614,0.06275898963212967,0.6340000033378601,-0.126060351729393,0.13247020542621613,-0.11159710586071014,0.08560160547494888,-0.12373198568820953,-0.13203191757202148,0.04007524624466896,-0.0,0.3770190477371216,-0.16991610825061798,-0.07566957175731659,-0.09494762122631073,-0.9954679012298584,-0.005346375517547131,-0.9937769174575806,0.09509782493114471,-0.05799853429198265,-1.2579517364501953,1.1306570768356323,-0.774156928062439,0.3598242402076721,-1.5145620107650757,-1.1148762702941895,0.11318212002515793,-0.05634058266878128,-0.10966227203607559,-0.0359448567032814,-0.10966227203607559,0.8473645448684692,-0.10966227203607559,1.171152949333191,0.06615445017814636,116.5
19,-0.10814948379993439,-0.41086140275001526,-0.10864802449941635,0.8403127789497375,-0.10833930969238281,1.1952414512634277,0.06430064141750336,0.6660000085830688,-0.08168447762727737,0.13038836419582367,-0.06042788550257683,0.08373891562223434,-0.07215188443660736,-0.1314292848110199,0.03566505387425423,-0.0,0.37614503502845764,-0.16937041282653809,-0.07613406330347061,-0.09541672468185425,-0.9954164624214172,-0.00645356485620141,-0.9937406778335571,0.0956304520368576,-0.05774279311299324,-1.25008225440979,0.9185463786125183,-0.8119798898696899,0.3756277561187744,-1.477862000465393,-0.909500241279602,0.06769945472478867,-0.017731808125972748,-0.10966227203607559,-0.0359448567032814,-0.10966227203607559,0.8515816330909729,-0.10966227203607559,1.1679564714431763,0.06633162498474121,116.5
20,-0.10902384668588638,-0.4049229919910431,-0.10912930965423584,0.844464123249054,-0.10912739485502243,1.189302921295166,0.06539935618638992,0.6990000009536743,-0.030652223154902458,0.13074447214603424,-0.019092582166194916,0.08951873332262039,-0.025365468114614487,-0.13162103295326233,0.027502084150910378,-0.0,0.37589943408966064,-0.1694440394639969,-0.07625041902065277,-0.09563873708248138,-0.9953877329826355,-0.007512323558330536,-0.9937289357185364,0.09591313451528549,-0.05747523903846741,-1.261222004890442,0.6957377791404724,-0.8653443455696106,0.38033849000930786,-1.4508684873580933,-0.6848911643028259,0.019402818754315376,0.024083899334073067,-0.10966227203607559,-0.0359448567032814,-0.10966227203607559,0.8558743000030518,-0.10966227203607559,1.1687562465667725,0.0659814402461052,116.5
21,-0.10938433557748795,-0.39901334047317505,-0.1093498170375824,0.8487190008163452,-0.1094188466668129,1.183377981185913,0.06588830798864365,0.7250000238418579,-0.010080445557832718,0.13211409747600555,-0.00567025039345026,0.09409328550100327,-0.008902567438781261,-0.13162103295326233,0.01487413514405489,-0.0,0.37661853432655334,-0.16978134214878082,-0.07569383829832077,-0.09583234041929245,-0.9953710436820984,-0.007254200987517834,-0.9936245679855347,0.09609387814998627,-0.05895910784602165,-1.2846475839614868,0.5177421569824219,-0.9015206098556519,0.3765573501586914,-1.4561634063720703,-0.5077202320098877,-0.011388739570975304,0.051645465195178986,-0.10966227203607559,-0.0359448567032814,-0.10966227203607559,0.8600157499313354,-0.10966227203607559,1.1681463718414307,0.06554664671421051,116.5
22,-0.10953006148338318,-0.3937862813472748,-0.10946295410394669,0.8525117635726929,-0.10953006148338318,1.1780953407287598,0.06594391912221909,0.7250000238418579,-0.005204577464610338,0.13077186048030853,-0.0036158119328320026,0.0945589616894722,-0.0039719147607684135,-0.13178537786006927,0.004738905001431704,-0.0,0.3764675557613373,-0.16971714794635773,-0.07584565132856369,-0.09523622691631317,-0.9954319596290588,-0.006724884267896414,-0.9937017560005188,0.09546709060668945,-0.05867607146501541,-1.2835581302642822,0.49507570266723633,-0.9055354595184326,0.350261926651001,-1.4503339529037476,-0.4680860936641693,-0.012646509334445,0.05420028418302536,-0.10966227203607559,-0.0359448567032814,-0.10966227203607559,0.8630196452140808,-0.10966227203607559,1.1640527248382568,0.06556452810764313,116.5
23,-0.10956649482250214,-0.3869428336620331,-0.10950896888971329,0.8573610186576843,-0.10957799851894379,1.1715298891067505,0.06587105244398117,0.7250000238418579,-0.0012600556947290897,0.13531902432441711,-0.0012600556947290897,0.09631207585334778,-0.0012874481035396457,-0.13131971657276154,-0.0009587379754520953,-0.0,0.3770999312400818,-0.16989992558956146,-0.07554100453853607,-0.09494929015636444,-0.9954558610916138,-0.007231052964925766,-0.9937379956245422,0.0952102318406105,-0.0584789402782917,-1.2792600393295288,0.4762421250343323,-0.9070190787315369,0.32838207483291626,-1.4445347785949707,-0.43593886494636536,-0.016632428392767906,0.056504763662815094,-0.10966227203607559,-0.0359448567032814,-0.10966227203607559,0.8672124743461609,-0.10966227203607559,1.1584516763687134,0.06537207961082458,116.5
24,-0.10961634665727615,-0.3820398449897766,-0.10957799851894379,0.8605402112007141,-0.1096048429608345,1.1672827005386353,0.06574258208274841,0.7250000238418579,-0.0009587379754520953,0.128909170627594,-0.0012600556947290897,0.08719037473201752,-0.000739597890060395,-0.11647296696901321,-0.0028762139845639467,-0.0,0.37735456228256226,-0.16970741748809814,-0.0754740908741951,-0.0936768501996994,-0.9955817461013794,-0.006448167841881514,-0.9938989877700806,0.09389331936836243,-0.05786919221282005,-1.2766246795654297,0.44313904643058777,-0.907584011554718,0.3195868134498596,-1.4408897161483765,-0.39909258484840393,-0.019882483407855034,0.06202986091375351,-0.10966227203607559,-0.0359448567032814,-0.10966227203607559,0.87012779712677,-0.10966227203607559,1.1553099155426025,0.06514610350131989,116.5
25,-0.10966236889362335,-0.37572750449180603,-0.1096278578042984,0.8644422888755798,-0.1096259355545044,1.1620614528656006,0.06557192653417587,0.7250000238418579,-0.0012052706442773342,0.13320979475975037,-0.0014518032548949122,0.08297192305326462,-0.0005478502716869116,-0.11167927831411362,-0.0035062418319284916,-0.0,0.37668702006340027,-0.16944672167301178,-0.07580911368131638,-0.09474984556436539,-0.995474636554718,-0.007259801961481571,-0.9937917590141296,0.09501181542873383,-0.057884711772203445,-1.2745343446731567,0.4113202691078186,-0.9090377688407898,0.3027787208557129,-1.4412862062454224,-0.3599071204662323,-0.025754576548933983,0.06537344306707382,-0.10966227203607559,-0.0359448567032814,-0.10966227203607559,0.8735256791114807,-0.10966227203607559,1.1512641906738281,0.06479929387569427,116.5
26,-0.10966428369283676,-0.37002110481262207,-0.1096278578042984,0.8678227663040161,-0.10963168740272522,1.157912015914917,0.0653245747089386,0.7250000238418579,-0.0002465326397214085,0.1322510540485382,-0.00021914011449553072,0.0802052840590477,-0.00021914011449553072,-0.1010235920548439,-0.004958045203238726,-0.0,0.37690863013267517,-0.16965055465698242,-0.07564947754144669,-0.09430176764726639,-0.9955187439918518,-0.007045986596494913,-0.993828535079956,0.09455221146345139,-0.05800655111670494,-1.2729307413101196,0.38449907302856445,-0.9108704924583435,0.29422175884246826,-1.4386037588119507,-0.32970115542411804,-0.03080141358077526,0.0698123425245285,-0.10966227203607559,-0.0359448567032814,-0.10966227203607559,0.8766494393348694,-0.10966227203607559,1.1480209827423096,0.06440053135156631,116.5
27,-0.10966428369283676,-0.3640596568584442,-0.1096278578042984,0.8712320327758789,-0.10963552445173264,1.1538968086242676,0.06501585990190506,0.7250000238418579,-1.871518873441903e-15,0.12932005524635315,-2.3790492628545366e-16,0.07445285469293594,-8.217753929784521e-05,-0.08883392065763474,-0.006464633159339428,-0.0,0.3772518038749695,-0.16989831626415253,-0.07536572962999344,-0.09587210416793823,-0.9953731298446655,-0.0063894945196807384,-0.9936290383338928,0.09608222544193268,-0.058902353048324585,-1.2714958190917969,0.3546633720397949,-0.9123539924621582,0.2889106273651123,-1.4367753267288208,-0.2991015315055847,-0.03494605794548988,0.07487834244966507,-0.10966227203607559,-0.0359448567032814,-0.10966227203607559,0.8798993229866028,-0.10966227203607559,1.1449238061904907,0.06396748125553131,116.5
28,-0.10966428369283676,-0.357599675655365,-0.1096278578042984,0.8747889995574951,-0.10963743925094604,1.1499640941619873,0.0646342784166336,0.7250000238418579,-1.871518873441903e-15,0.1302787959575653,-2.3790492628545366e-16,0.07278191298246384,-5.478502862388268e-05,-0.08130098134279251,-0.00745076360180974,-0.0,0.3771565556526184,-0.16977953910827637,-0.07547671347856522,-0.09435294568538666,-0.9955124855041504,-0.0072354464791715145,-0.9937939643859863,0.09461519867181778,-0.05849330127239227,-1.2690495252609253,0.3273746371269226,-0.9120873212814331,0.2791788578033447,-1.4348660707473755,-0.2688221037387848,-0.039659660309553146,0.07860326021909714,-0.10966227203607559,-0.0359448567032814,-0.10966227203607559,0.8831643462181091,-0.10966227203607559,1.1418994665145874,0.06344448775053024,116.5
29,-0.10966428369283676,-0.35164591670036316,-0.1096278578042984,0.8780966401100159,-0.10963936150074005,1.1467158794403076,0.06422202289104462,0.7250000238418579,-1.871518873441903e-15,0.13093622028827667,-2.3790492628545366e-16,0.07242580503225327,-2.739251431194134e-05,-0.0740145742893219,-0.00871081929653883,-0.0,0.37774527072906494,-0.16989874839782715,-0.07522471249103546,-0.09488049894571304,-0.9954686760902405,-0.00630437396466732,-0.9937596321105957,0.09508689492940903,-0.05831163749098778,-1.2659895420074463,0.308463990688324,-0.9105029106140137,0.2748093903064728,-1.4322823286056519,-0.24964268505573273,-0.042958807200193405,0.08178046345710754,-0.10966227203607559,-0.0359448567032814,-0.10966227203607559,0.8863409161567688,-0.10966227203607559,1.1392265558242798,0.06293325871229172,116.5
30,-0.10966428369283676,-0.3454332947731018,-0.1096278578042984,0.8812815546989441,-0.10963936150074005,1.1435960531234741,0.06371389329433441,0.7250000238418579,-1.871518873441903e-15,0.1362503618001938,-2.3790492628545366e-16,0.07179577648639679,-2.739251431194134e-05,-0.06993308663368225,-0.010683080181479454,-0.0,0.3764151632785797,-0.169415682554245,-0.0760914608836174,-0.0956113189458847,-0.9953808188438416,-0.008685613982379436,-0.9937372803688049,0.09595312923192978,-0.05726420506834984,-1.2650424242019653,0.2758854627609253,-0.9119393229484558,0.2613205313682556,-1.4332197904586792,-0.21279704570770264,-0.049213964492082596,0.08494610339403152,-0.10966227203607559,-0.0359448567032814,-0.10966227203607559,0.8891211748123169,-0.10966227203607559,1.1372121572494507,0.06223747506737709,116.5
31,-0.10966428369283676,-0.34023886919021606,-0.1096278578042984,0.8839449286460876,-0.10964127629995346,1.1412127017974854,0.06329204887151718,0.7250000238418579,-1.871518873441903e-15,0.133648082613945,-2.3790492628545366e-16,0.06850867718458176,-2.739251431194134e-05,-0.0636054202914238,-0.010929613374173641,-0.0,0.37724918127059937,-0.16974353790283203,-0.0754769891500473,-0.09516295790672302,-0.9954395890235901,-0.006635727826505899,-0.993752121925354,0.09538792073726654,-0.05794734135270119,-1.2620387077331543,0.26055726408958435,-0.910517156124115,0.2637975215911865,-1.4305388927459717,-0.20139074325561523,-0.05064601078629494,0.08798965811729431,-0.10966227203607559,-0.0359448567032814,-0.10966227203607559,0.8918588757514954,-0.10966227203607559,1.1351709365844727,0.0617726668715477,116.5
32,-0.10966428369283676,-0.3340875804424286,-0.1096278578042984,0.887026309967041,-0.10964127629995346,1.1387947797775269,0.06265736371278763,0.7250000238418579,-1.871518873441903e-15,0.13383983075618744,-2.3790492628545366e-16,0.0675499364733696,-2.739251431194134e-05,-0.05527809262275696,-0.0128744812682271,-0.0,0.3770669102668762,-0.1697499006986618,-0.07556638866662979,-0.09490440040826797,-0.9954618811607361,-0.006979948841035366,-0.9937411546707153,0.09515069425106049,-0.058521684259176254,-1.2605345249176025,0.23480573296546936,-0.9105273485183716,0.25982117652893066,-1.4291642904281616,-0.17674943804740906,-0.05467292666435242,0.09180956333875656,-0.10966227203607559,-0.0359448567032814,-0.10966227203607559,0.8948209285736084,-0.10966227203607559,1.133492350578308,0.061017174273729324,116.5
33,-0.10966428369283676,-0.3282565474510193,-0.1096278578042984,0.8898565173149109,-0.10964127629995346,1.1366069316864014,0.06209937855601311,0.7250000238418579,-1.871518873441903e-15,0.1328262984752655,-2.3790492628545366e-16,0.06505721807479858,-7.216449660063518e-16,-0.05015569180250168,-0.013148406520485878,-0.0,0.37819766998291016,-0.17005357146263123,-0.07488603889942169,-0.09593939781188965,-0.995362401008606,-0.007021600846201181,-0.9936373233795166,0.09618644416332245,-0.05859209597110748,-1.2555818557739258,0.22198443114757538,-0.9069297909736633,0.2662460207939148,-1.4257763624191284,-0.170919269323349,-0.05580604448914528,0.09462978690862656,-0.10966227203607559,-0.0359448567032814,-0.10966227203607559,0.8978438973426819,-0.10966227203607559,1.1314793825149536,0.06042519956827164,116.5
34,-0.10966428369283676,-0.3217563033103943,-0.1096278578042984,0.8932101726531982,-0.10964127629995346,1.1344938278198242,0.06141100451350212,0.7250000238418579,-1.871518873441903e-15,0.12929266691207886,-2.3790492628545366e-16,0.06593377888202667,-7.216449660063518e-16,-0.043691061437129974,-0.01334015466272831,-0.0,0.37697404623031616,-0.16959848999977112,-0.07570492476224899,-0.09480459988117218,-0.9954668283462524,-0.007608075626194477,-0.9937794208526611,0.095086969435215,-0.05797305330634117,-1.2565686702728271,0.188958078622818,-0.9084212183952332,0.24872460961341858,-1.4241175651550293,-0.13054464757442474,-0.060516875237226486,0.0981857180595398,-0.10966227203607559,-0.0359448567032814,-0.10966227203607559,0.9006718993186951,-0.10966227203607559,1.1305774450302124,0.0595954954624176,116.5
35,-0.10966428369283676,-0.31611892580986023,-0.1096278578042984,0.8959540724754333,-0.10964127629995346,1.132743239402771,0.06083384156227112,0.7250000238418579,-1.871518873441903e-15,0.1272382289171219,-2.3790492628545366e-16,0.0630575641989708,-7.216449660063518e-16,-0.039636969566345215,-0.013175799511373043,-0.0,0.37690550088882446,-0.16957847774028778,-0.07577528804540634,-0.09564146399497986,-0.9953904151916504,-0.007111937273293734,-0.9937341809272766,0.09589257836341858,-0.057419560849666595,-1.2544841766357422,0.16733215749263763,-0.9077711701393127,0.2463681697845459,-1.4224475622177124,-0.11078815162181854,-0.06289881467819214,0.10110563784837723,-0.10966227203607559,-0.0359448567032814,-0.10966227203607559,0.9033451080322266,-0.10966227203607559,1.1294195652008057,0.0589468777179718,116.5
36,-0.10966428369283676,-0.3101824223995209,-0.1096278578042984,0.8988322019577026,-0.10964127629995346,1.1314163208007812,0.060132045298814774,0.7250000238418579,-1.871518873441903e-15,0.12967616319656372,-2.3790492628545366e-16,0.06289321184158325,-7.216449660063518e-16,-0.032542306929826736,-0.014627602882683277,-0.0,0.37767326831817627,-0.1698775738477707,-0.0752437487244606,-0.09469086676836014,-0.995486319065094,-0.006375750061124563,-0.9937757849693298,0.09490179270505905,-0.0583382323384285,-1.2498691082000732,0.15433597564697266,-0.9045684933662415,0.2552109956741333,-1.41982901096344,-0.10703979432582855,-0.06532938778400421,0.10410574823617935,-0.10966227203607559,-0.0359448567032814,-0.10966227203607559,0.9064885377883911,-0.10966227203607559,1.1282051801681519,0.05817216634750366,116.5
37,-0.10966428369283676,-0.30425551533699036,-0.10962402075529099,0.9014610648155212,-0.10964127629995346,1.1302025318145752,0.05947243422269821,0.7250000238418579,-1.871518873441903e-15,0.13247020542621613,5.478502862388268e-05,0.060099177062511444,-7.216449660063518e-16,-0.027365121990442276,-0.015065882354974747,-0.0,0.3776398003101349,-0.16989174485206604,-0.07522368431091309,-0.09497039020061493,-0.9954589605331421,-0.006484072655439377,-0.9937520027160645,0.09518714249134064,-0.05827828496694565,-1.2457597255706787,0.13397003710269928,-0.9026129245758057,0.2617265582084656,-1.418642520904541,-0.09518388658761978,-0.06872636824846268,0.1073077991604805,-0.10966227203607559,-0.0359448567032814,-0.10966227203607559,0.9093128442764282,-0.10966227203607559,1.1273469924926758,0.05741064250469208,116.5
38,-0.10966428369283676,-0.2984282970428467,-0.10961634665727615,0.9045347571372986,-0.10964127629995346,1.1290309429168701,0.058728452771902084,0.7250000238418579,-1.871518873441903e-15,0.13036097586154938,0.00016435507859569043,0.0650024339556694,-7.216449660063518e-16,-0.026214636862277985,-0.015860265120863914,-0.0,0.37780165672302246,-0.16999223828315735,-0.07510481774806976,-0.09549117833375931,-0.9954112768173218,-0.006144483108073473,-0.9936599731445312,0.09568751603364944,-0.059023667126894,-1.245044469833374,0.12250835448503494,-0.9011691808700562,0.2538389563560486,-1.4158693552017212,-0.08146415650844574,-0.06996487081050873,0.10851673036813736,-0.10966227203607559,-0.0359448567032814,-0.10966227203607559,0.9121499061584473,-0.10966227203607559,1.1265870332717896,0.05662950873374939,116.5
39,-0.10966428369283676,-0.2925090491771698,-0.10961059480905533,0.9073707461357117,-0.10964127629995346,1.1280511617660522,0.057951875030994415,0.7250000238418579,-1.871518873441903e-15,0.13068968057632446,0.0001369625679217279,0.06524896621704102,-7.216449660063518e-16,-0.023174066096544266,-0.017120322212576866,-0.0,0.37739256024360657,-0.16975979506969452,-0.07539763301610947,-0.09406639635562897,-0.9955410361289978,-0.007035925984382629,-0.9938160181045532,0.09431754797697067,-0.05859917402267456,-1.2424592971801758,0.1020558774471283,-0.8995407223701477,0.25099992752075195,-1.4138530492782593,-0.06331922113895416,-0.07254480570554733,0.11084552854299545,-0.10966227203607559,-0.0359448567032814,-0.10966227203607559,0.9149007201194763,-0.10966227203607559,1.1261515617370605,0.05577553063631058,116.5
40,-0.10966428369283676,-0.28664347529411316,-0.10960676521062851,0.9102258682250977,-0.10964127629995346,1.1272438764572144,0.05714653804898262,0.7250000238418579,-1.871518873441903e-15,0.13107317686080933,0.00010957005724776536,0.06292060762643814,-7.216449660063518e-16,-0.018955620005726814,-0.017668170854449272,-0.0,0.37641221284866333,-0.1694270372390747,-0.0761094018816948,-0.09482526034116745,-0.9954631924629211,-0.007820704951882362,-0.9938308000564575,0.09511784464120865,-0.05703428015112877,-1.2409261465072632,0.07413925230503082,-0.8997412323951721,0.24633051455020905,-1.4132987260818481,-0.03700141981244087,-0.0764533281326294,0.11397121101617813,-0.10966227203607559,-0.0359448567032814,-0.10966227203607559,0.9176157712936401,-0.10966227203607559,1.1261337995529175,0.054852940142154694,116.5
41,-0.10966428369283676,-0.28138384222984314,-0.1096029281616211,0.9127166271209717,-0.10964127629995346,1.1266974210739136,0.0564044751226902,0.7250000238418579,-1.871518873441903e-15,0.1305527240037918,8.217753929784521e-05,0.06272885948419571,-7.216449660063518e-16,-0.015312415547668934,-0.018298199400305748,-0.0,0.3776549696922302,-0.16989801824092865,-0.0752800777554512,-0.09507428109645844,-0.9954416155815125,-0.007542004343122244,-0.9937384724617004,0.09535285830497742,-0.058238305151462555,-1.2362878322601318,0.06959331035614014,-0.8956355452537537,0.2582583427429199,-1.410037875175476,-0.043108511716127396,-0.07630505412817001,0.11587273329496384,-0.10966227203607559,-0.0359448567032814,-0.10966227203607559,0.9204643964767456,-0.10966227203607559,1.1254041194915771,0.05411532521247864,116.5
42,-0.10966428369283676,-0.2751769721508026,-0.10959525406360626,0.915567934513092,-0.10964127629995346,1.1263426542282104,0.055466827005147934,0.7250000238418579,-1.871518873441903e-15,0.13570252060890198,0.0001369625679217279,0.06283842772245407,-7.216449660063518e-16,-0.009669557213783264,-0.020078713074326515,-0.0,0.3776286244392395,-0.16987282037734985,-0.07524712383747101,-0.09487070143222809,-0.9954662919044495,-0.006810086313635111,-0.9937483668327332,0.09510698169469833,-0.05847034230828285,-1.2314927577972412,0.05231000483036041,-0.8926411271095276,0.26678359508514404,-1.4083755016326904,-0.03610825911164284,-0.07976273447275162,0.11870362609624863,-0.10966227203607559,-0.0359448567032814,-0.10966227203607559,0.9235714673995972,-0.10966227203607559,1.1252593994140625,0.0530739426612854,116.5
43,-0.10966236889362335,-0.2694379687309265,-0.10958758741617203,0.9184594750404358,-0.10964127629995346,1.125803828239441,0.054653819650411606,0.7250000238418579,2.739251431194134e-05,0.13101840019226074,0.0001917476038215682,0.06401630491018295,-7.216449660063518e-16,-0.010354369878768921,-0.019092582166194916,-0.0,0.37735649943351746,-0.1698668748140335,-0.07538597285747528,-0.09551119059324265,-0.9954020977020264,-0.007230802439153194,-0.9936823844909668,0.0957711935043335,-0.05850767716765404,-1.2310919761657715,0.03662477433681488,-0.8920456767082214,0.2594847083091736,-1.4061200618743896,-0.01917186938226223,-0.08054907619953156,0.12007788568735123,-0.10966227203607559,-0.0359448567032814,-0.10966227203607559,0.9262440204620361,-0.10966227203607559,1.1252286434173584,0.05223734676837921,116.5
44,-0.10965470224618912,-0.26352447271347046,-0.10958567261695862,0.9215964674949646,-0.10964127629995346,1.125489354133606,0.053756438195705414,0.7250000238418579,0.0001369625679217279,0.1292104870080948,5.478502862388268e-05,0.06815257668495178,-7.216449660063518e-16,-0.008902567438781261,-0.019174760207533836,-0.0,0.3779575526714325,-0.16995714604854584,-0.07503706961870193,-0.09414468705654144,-0.9955427646636963,-0.0055978973396122456,-0.9938498735427856,0.09431091696023941,-0.05803331360220909,-1.2278708219528198,0.029737873002886772,-0.8882731795310974,0.2585982084274292,-1.401840329170227,-0.014829223975539207,-0.08091166615486145,0.1211962178349495,-0.10966227203607559,-0.0359448567032814,-0.10966227203607559,0.9293544292449951,-0.10966227203607559,1.1250444650650024,0.05132909119129181,116.5
45,-0.1096508651971817,-0.25762057304382324,-0.10958375036716461,0.9244285821914673,-0.10964127629995346,1.1253398656845093,0.05282646417617798,0.7250000238418579,0.00010957005724776536,0.1317032128572464,2.739251431194134e-05,0.0653037503361702,-7.216449660063518e-16,-0.004218447022140026,-0.02054438553750515,-0.0,0.377520889043808,-0.1697733849287033,-0.07536725699901581,-0.09457986801862717,-0.9954900741577148,-0.007358233444392681,-0.9937735795974731,0.09484890848398209,-0.058460913598537445,-1.2236957550048828,0.007797880098223686,-0.8861856460571289,0.2640005350112915,-1.4004703760147095,-0.001451058080419898,-0.08384793996810913,0.12411216646432877,-0.10966227203607559,-0.0359448567032814,-0.10966227203607559,0.9323486089706421,-0.10966227203607559,1.1252963542938232,0.050311025232076645,116.5
46,-0.10964511334896088,-0.2517339289188385,-0.10958375036716461,0.9273872375488281,-0.10964127629995346,1.1251806020736694,0.051906075328588486,0.7250000238418579,0.00010957005724776536,0.13071708381175995,-2.3790492628545366e-16,0.06448198109865189,-7.216449660063518e-16,-0.003369279205799103,-0.02051699347794056,-0.0,0.3775142729282379,-0.16982637345790863,-0.07535160332918167,-0.09549102932214737,-0.9954052567481995,-0.007054435089230537,-0.9937199950218201,0.09573981910943985,-0.057917818427085876,-1.2208919525146484,-0.007067488506436348,-0.8843427896499634,0.26553040742874146,-1.3984910249710083,0.008306847885251045,-0.0849810540676117,0.1259051114320755,-0.10966227203607559,-0.0359448567032814,-0.10966227203607559,0.93535315990448,-0.10966227203607559,1.1254297494888306,0.04935664311051369,116.5
47,-0.10963936150074005,-0.2458089143037796,-0.10958375036716461,0.9304111003875732,-0.10964127629995346,1.1251615285873413,0.05094541981816292,0.7250000238418579,0.00010957005724776536,0.13151146471500397,-2.3790492628545366e-16,0.0672486200928688,-7.216449660063518e-16,-0.0015065883053466678,-0.021037450060248375,-0.0,0.37752071022987366,-0.16984447836875916,-0.07532019168138504,-0.09543328732252121,-0.995405375957489,-0.007784381974488497,-0.9937072396278381,0.09572530537843704,-0.05815969780087471,-1.217982292175293,-0.01913866586983204,-0.8816795945167542,0.26606762409210205,-1.3959296941757202,0.015958772972226143,-0.08667244017124176,0.12744025886058807,-0.10966227203607559,-0.0359448567032814,-0.10966227203607559,0.9383931159973145,-0.10966227203607559,1.1256402730941772,0.04834524542093277,116.5
48,-0.10963552445173264,-0.23958095908164978,-0.10958375036716461,0.9335231781005859,-0.10964127629995346,1.1251729726791382,0.049911901354789734,0.7250000238418579,0.00010957005724776536,0.13635993003845215,-2.3790492628545366e-16,0.06834432482719421,-7.216449660063518e-16,0.00016435507859569043,-0.02246186137199402,-0.0,0.37695997953414917,-0.16970793902873993,-0.07564052194356918,-0.0953727588057518,-0.9954124689102173,-0.007618587464094162,-0.9937344193458557,0.0956544503569603,-0.05781148746609688,-1.2145774364471436,-0.036967650055885315,-0.8799124360084534,0.2677290439605713,-1.3949717283248901,0.027616718783974648,-0.08990749716758728,0.12931175529956818,-0.10966227203607559,-0.0359448567032814,-0.10966227203607559,0.9415550231933594,-0.10966227203607559,1.1260014772415161,0.047214675694704056,116.5
49,-0.10963168740272522,-0.23384961485862732,-0.10958375036716461,0.9364550113677979,-0.10964127629995346,1.1253072023391724,0.048955079168081284,0.7250000238418579,8.217753929784521e-05,0.13153885304927826,-2.3790492628545366e-16,0.06708426773548126,-7.216449660063518e-16,0.0020818309858441353,-0.021886618807911873,-0.0,0.3774203360080719,-0.16979636251926422,-0.0753747746348381,-0.09557691961526871,-0.9953967332839966,-0.0070997863076627254,-0.9937143921852112,0.09582813829183578,-0.05786774307489395,-1.211090326309204,-0.048823803663253784,-0.8767687678337097,0.2709816098213196,-1.3910939693450928,0.03372705355286598,-0.0895044207572937,0.13111482560634613,-0.10966227203607559,-0.0359448567032814,-0.10966227203607559,0.9445844292640686,-0.10966227203607559,1.1263190507888794,0.04626994580030441,116.5
50,-0.10962977260351181,-0.22788242995738983,-0.10958375036716461,0.9395498037338257,-0.10964127629995346,1.1256351470947266,0.04791005328297615,0.7250000238418579,5.478502862388268e-05,0.13025140762329102,-2.3790492628545366e-16,0.06705687195062637,-7.216449660063518e-16,0.006108530797064304,-0.02248925343155861,-0.0,0.3766772747039795,-0.16958431899547577,-0.07588417083024979,-0.09550583362579346,-0.9953957796096802,-0.008115909993648529,-0.9937302470207214,0.09581579267978668,-0.0576152503490448,-1.2094976902008057,-0.07107824087142944,-0.8760006427764893,0.2678765058517456,-1.3892275094985962,0.053261224180459976,-0.09211172163486481,0.1336468607187271,-0.10966227203607559,-0.0359448567032814,-0.10966227203607559,0.9475861191749573,-0.10966227203607559,1.1272330284118652,0.04514670372009277,116.5
51,-0.1096259355545044,-0.22203221917152405,-0.10958375036716461,0.9425065517425537,-0.10964127629995346,1.1260416507720947,0.046911049634218216,0.7250000238418579,5.478502862388268e-05,0.13156624138355255,-2.3790492628545366e-16,0.06730340421199799,-7.216449660063518e-16,0.008573857136070728,-0.02268100157380104,-0.0,0.37717175483703613,-0.16968868672847748,-0.07562066614627838,-0.0960821881890297,-0.995340883731842,-0.00804836768656969,-0.9936412572860718,0.09638866037130356,-0.05819132179021835,-1.2042109966278076,-0.08010071516036987,-0.8716466426849365,0.27686041593551636,-1.3859723806381226,0.05221204832196236,-0.0930091068148613,0.135324165225029,-0.10966227203607559,-0.0359448567032814,-0.10966227203607559,0.9508123397827148,-0.10966227203607559,1.127608060836792,0.044120773673057556,116.5
52,-0.1096259355545044,-0.21551087498664856,-0.10958375036716461,0.9459081888198853,-0.10964127629995346,1.1267797946929932,0.045737553387880325,0.7250000238418579,2.739251431194134e-05,0.13038836419582367,-2.3790492628545366e-16,0.06730340421199799,-7.216449660063518e-16,0.013312761671841145,-0.023091889917850494,-0.0,0.37769511342048645,-0.16990333795547485,-0.07526488602161407,-0.09447352588176727,-0.9955012798309326,-0.007204761262983084,-0.993803858757019,0.09473316371440887,-0.05813371762633324,-1.199656367301941,-0.09171274304389954,-0.8679159283638,0.28589582443237305,-1.3822201490402222,0.05342288687825203,-0.0937727615237236,0.13768641650676727,-0.10966227203607559,-0.0359448567032814,-0.10966227203607559,0.9544850587844849,-0.10966227203607559,1.1283824443817139,0.04292437061667442,116.5
53,-0.10962402075529099,-0.20935194194316864,-0.10958375036716461,0.9491678476333618,-0.10964127629995346,1.1273301839828491,0.0446714386343956,0.7250000238418579,2.739251431194134e-05,0.1255398988723755,-2.3790492628545366e-16,0.06587899476289749,-7.216449660063518e-16,0.012271846644580364,-0.021914010867476463,-0.0,0.3773023784160614,-0.16980570554733276,-0.07545751333236694,-0.09459717571735382,-0.9954946041107178,-0.0064661940559744835,-0.9938154220581055,0.09481307119131088,-0.0578044168651104,-1.197659969329834,-0.10882461071014404,-0.8665945529937744,0.28278303146362305,-1.3794960975646973,0.0680418387055397,-0.09403533488512039,0.13912180066108704,-0.10966227203607559,-0.0359448567032814,-0.10966227203607559,0.9576513171195984,-0.10966227203607559,1.1293714046478271,0.04185038059949875,116.5
54,-0.10962402075529099,-0.20428788661956787,-0.10958375036716461,0.9519999623298645,-0.10964127629995346,1.1278631687164307,0.043741460889577866,0.7250000238418579,2.739251431194134e-05,0.12463594228029251,-2.3790492628545366e-16,0.06870042532682419,-7.216449660063518e-16,0.012080098502337933,-0.022324899211525917,-0.0,0.37767550349235535,-0.16983087360858917,-0.07525758445262909,-0.09567958116531372,-0.995387852191925,-0.0069590904749929905,-0.9936861395835876,0.09592287242412567,-0.0581950806081295,-1.1941670179367065,-0.11409884691238403,-0.8628734946250916,0.2837841808795929,-1.375954031944275,0.06929861009120941,-0.09385620802640915,0.1396433562040329,-0.10966227203607559,-0.0359448567032814,-0.10966227203607559,0.9605134725570679,-0.10966227203607559,1.1299421787261963,0.0409257747232914,116.5
55,-0.10962402075529099,-0.19729869067668915,-0.10958375036716461,0.9557620882987976,-0.10964127629995346,1.1288104057312012,0.04246634244918823,0.7250000238418579,-1.871518873441903e-15,0.13685299456119537,-2.3790492628545366e-16,0.07426110655069351,-7.216449660063518e-16,0.01764077879488468,-0.025036757811903954,-0.0,0.37757083773612976,-0.16982872784137726,-0.07535793632268906,-0.09504523873329163,-0.9954473376274109,-0.007137224078178406,-0.9937403202056885,0.09530020505189896,-0.058292780071496964,-1.1877520084381104,-0.12531030178070068,-0.8582037091255188,0.2943471074104309,-1.3741037845611572,0.06768931448459625,-0.09871019423007965,0.14160610735416412,-0.10966227203607559,-0.0359448567032814,-0.10966227203607559,0.9645925164222717,-0.10966227203607559,1.1308411359786987,0.03950503468513489,116.5
56,-0.10962209850549698,-0.19190099835395813,-0.10958375036716461,0.9587092399597168,-0.10964319109916687,1.1295007467269897,0.041505686938762665,0.7250000238418579,2.739251431194134e-05,0.12726561725139618,-2.3790492628545366e-16,0.06902913749217987,-2.739251431194134e-05,0.016791611909866333,-0.022817963734269142,-0.0,0.3775973320007324,-0.16985788941383362,-0.07536057382822037,-0.09372591972351074,-0.9955719709396362,-0.007200898602604866,-0.9938746690750122,0.0939866155385971,-0.058134425431489944,-1.185483455657959,-0.14045235514640808,-0.8567661643028259,0.2943430542945862,-1.3704726696014404,0.07901175320148468,-0.09703532606363297,0.1431877166032791,-0.10966227203607559,-0.0359448567032814,-0.10966227203607559,0.9675395488739014,-0.10966227203607559,1.1318711042404175,0.038594625890254974,116.5
57,-0.10962209850549698,-0.18517449498176575,-0.10958375036716461,0.9626228213310242,-0.10964319109916687,1.1303521394729614,0.04018837958574295,0.7250000238418579,2.739251431194134e-05,0.12978573143482208,-2.3790492628545366e-16,0.07461720705032349,-2.739251431194134e-05,0.01651768572628498,-0.02487240359187126,-0.0,0.3779067099094391,-0.16995041072368622,-0.075143963098526,-0.09519864618778229,-0.9954294562339783,-0.00757445627823472,-0.9937252998352051,0.09547895193099976,-0.058255817741155624,-1.1813406944274902,-0.14668111503124237,-0.8526068329811096,0.29530787467956543,-1.3669477701187134,0.07988017797470093,-0.0977138802409172,0.14364801347255707,-0.10966227203607559,-0.0359448567032814,-0.10966227203607559,0.9714820384979248,-0.10966227203607559,1.1327486038208008,0.037256963551044464,116.5
58,-0.10962209850549698,-0.17907500267028809,-0.10958375036716461,0.9659016728401184,-0.10964511334896088,1.1313644647598267,0.03910692408680916,0.7250000238418579,-1.871518873441903e-15,0.12649862468242645,-2.3790492628545366e-16,0.06891956180334091,-2.739251431194134e-05,0.01955825462937355,-0.023064495995640755,-0.0,0.3768143355846405,-0.16963884234428406,-0.07580847293138504,-0.09597901999950409,-0.9953536987304688,-0.0076835122890770435,-0.9936751127243042,0.09626349061727524,-0.05781925469636917,-1.1787660121917725,-0.17391787469387054,-0.8522956967353821,0.29455649852752686,-1.3652225732803345,0.10204124450683594,-0.10012980550527573,0.14655636250972748,-0.10966227203607559,-0.0359448567032814,-0.10966227203607559,0.974738359451294,-0.10966227203607559,1.1344257593154907,0.036103032529354095,116.5
59,-0.10962209850549698,-0.17343570291996002,-0.10958375036716461,0.9692937135696411,-0.10964895039796829,1.132235050201416,0.038006290793418884,0.7250000238418579,-1.871518873441903e-15,0.12312935292720795,-2.3790492628545366e-16,0.07179577648639679,-5.478502862388268e-05,0.019777394831180573,-0.023228852078318596,-0.0,0.37712007761001587,-0.16969315707683563,-0.07562892884016037,-0.09577207267284393,-0.9953742027282715,-0.0076069519855082035,-0.9936773777008057,0.09605305641889572,-0.05812937393784523,-1.175908088684082,-0.18083740770816803,-0.8490821123123169,0.2928794026374817,-1.3610153198242188,0.10637655854225159,-0.09958885610103607,0.1471942663192749,-0.10966227203607559,-0.0359448567032814,-0.10966227203607559,0.9780800938606262,-0.10966227203607559,1.13542640209198,0.03501862287521362,116.5
60,-0.10962209850549698,-0.1674167513847351,-0.10958375036716461,0.9725572466850281,-0.1096508651971817,1.1335312128067017,0.03682129085063934,0.7250000238418579,-1.871518873441903e-15,0.13129231333732605,-2.3790492628545366e-16,0.07382282614707947,-5.478502862388268e-05,0.0256120003759861,-0.025913318619132042,-0.0,0.37797632813453674,-0.16999489068984985,-0.07508713006973267,-0.09499485045671463,-0.9954525828361511,-0.007080483250319958,-0.9937494397163391,0.09524646401405334,-0.058224793523550034,-1.1683982610702515,-0.1846826821565628,-0.8433220982551575,0.3120518922805786,-1.3580541610717773,0.09290080517530441,-0.10151064395904541,0.1490645706653595,-0.10966227203607559,-0.0359448567032814,-0.10966227203607559,0.9819188117980957,-0.10966227203607559,1.1363182067871094,0.033775970339775085,116.5
61,-0.10962209850549698,-0.16091841459274292,-0.10958375036716461,0.976279079914093,-0.10965853184461594,1.1347622871398926,0.035574931651353836,0.7250000238418579,-1.871518873441903e-15,0.13131971657276154,-2.3790492628545366e-16,0.0737132579088211,-0.0001369625679217279,0.026077672839164734,-0.025310682132840157,-0.0,0.377321720123291,-0.1697700321674347,-0.07554949074983597,-0.09487784653902054,-0.9954603910446167,-0.007533667143434286,-0.9937788248062134,0.09515554457902908,-0.05787103250622749,-1.1647443771362305,-0.2023255079984665,-0.8410468697547913,0.31093311309814453,-1.3552733659744263,0.10568317770957947,-0.10338050872087479,0.15051770210266113,-0.10966227203607559,-0.0359448567032814,-0.10966227203607559,0.9856070876121521,-0.10966227203607559,1.1379327774047852,0.03247351944446564,116.5
62,-0.10962209850549698,-0.1550106704235077,-0.10958375036716461,0.9798417091369629,-0.10966428369283676,1.1357460021972656,0.03446471318602562,0.7250000238418579,-1.871518873441903e-15,0.13019661605358124,-2.3790492628545366e-16,0.0776851698756218,-0.0001369625679217279,0.02246186137199402,-0.02465326339006424,-0.0,0.3773731589317322,-0.16979500651359558,-0.07547418773174286,-0.09503066539764404,-0.9954462647438049,-0.00747652305290103,-0.9937416315078735,0.09530551731586456,-0.058261122554540634,-1.1617497205734253,-0.207444429397583,-0.8378999829292297,0.30754750967025757,-1.3517006635665894,0.10884608328342438,-0.10311128199100494,0.15025827288627625,-0.10966227203607559,-0.0359448567032814,-0.10966227203607559,0.9890681505203247,-0.10966227203607559,1.1390113830566406,0.031371377408504486,116.5
63,-0.10962209850549698,-0.14852192997932434,-0.10958375036716461,0.9836095571517944,-0.10966812074184418,1.1371917724609375,0.033204931765794754,0.7250000238418579,-1.871518873441903e-15,0.13025140762329102,-2.3790492628545366e-16,0.07639772444963455,-8.217753929784521e-05,0.027036411687731743,-0.025091543793678284,-0.0,0.37800562381744385,-0.16998286545276642,-0.07505682855844498,-0.09532302618026733,-0.9954211115837097,-0.00708910683169961,-0.9937041997909546,0.09557493031024933,-0.058458659797906876,-1.1554715633392334,-0.21706952154636383,-0.833094596862793,0.319469690322876,-1.347424030303955,0.1057867705821991,-0.1035064160823822,0.1523427516222,-0.10966227203607559,-0.0359448567032814,-0.10966227203607559,0.9931936264038086,-0.10966227203607559,1.1403653621673584,0.030099738389253616,116.5
64,-0.10962209850549698,-0.14295166730880737,-0.10958375036716461,0.9869958162307739,-0.10967003554105759,1.1383306980133057,0.03207745403051376,0.7250000238418579,-1.871518873441903e-15,0.12556728720664978,-2.3790492628545366e-16,0.07502809911966324,-5.478502862388268e-05,0.026926841586828232,-0.025201112031936646,-0.0,0.3772991895675659,-0.16975432634353638,-0.07549864798784256,-0.09587778151035309,-0.9953653216362,-0.007436019834131002,-0.9936763048171997,0.09614831209182739,-0.057990022003650665,-1.1539404392242432,-0.23542878031730652,-0.8324112892150879,0.3131346106529236,-1.3447110652923584,0.12366009503602982,-0.10387742519378662,0.15363237261772156,-0.10966227203607559,-0.0359448567032814,-0.10966227203607559,0.9963898658752441,-0.10966227203607559,1.142040491104126,0.02896113134920597,116.5
65,-0.10962209850549698,-0.1363421231508255,-0.10958375036716461,0.9911337494850159,-0.10967195779085159,1.1397150754928589,0.03073522262275219,0.7250000238418579,-1.871518873441903e-15,0.1294844150543213,-2.3790492628545366e-16,0.08091748505830765,-2.739251431194134e-05,0.02684466354548931,-0.026433775201439857,-0.0,0.3771531283855438,-0.16973386704921722,-0.07562500983476639,-0.09558077901601791,-0.9953945875167847,-0.007345153484493494,-0.9937027096748352,0.09584658592939377,-0.058037757873535156,-1.150014042854309,-0.24315142631530762,-0.8289591670036316,0.31188368797302246,-1.3414419889450073,0.12703382968902588,-0.10560458898544312,0.15398526191711426,-0.10966227203607559,-0.0359448567032814,-0.10966227203607559,1.0004903078079224,-0.10966227203607559,1.1435260772705078,0.02756708487868309,116.5
66,-0.10962209850549698,-0.130141019821167,-0.10958375036716461,0.994667649269104,-0.109673872590065,1.1412452459335327,0.029506120830774307,0.7250000238418579,-1.871518873441903e-15,0.1266629844903946,-2.3790492628545366e-16,0.07404196262359619,-2.739251431194134e-05,0.030076980590820312,-0.025228505954146385,-0.0,0.3775668442249298,-0.16983765363693237,-0.07537157833576202,-0.09519676864147186,-0.9954314827919006,-0.007332452107220888,-0.9937459230422974,0.09546229988336563,-0.05793118476867676,-1.1432368755340576,-0.2571544051170349,-0.8247727751731873,0.32553064823150635,-1.337367057800293,0.12692159414291382,-0.1052560955286026,0.15638507902622223,-0.10966227203607559,-0.0359448567032814,-0.10966227203607559,1.004433512687683,-0.10966227203607559,1.1450529098510742,0.02634843811392784,116.5
67,-0.10962209850549698,-0.12410671263933182,-0.10958375036716461,0.9985103011131287,-0.109673872590065,1.1426948308944702,0.028323037549853325,0.7250000238418579,-1.871518873441903e-15,0.12986791133880615,-2.3790492628545366e-16,0.07987657189369202,-7.216449660063518e-16,0.03185749426484108,-0.0256120003759861,-0.0,0.37640881538391113,-0.16947181522846222,-0.07609540224075317,-0.0948474258184433,-0.9954596161842346,-0.008005241863429546,-0.9938278198242188,0.09515058249235153,-0.05703146010637283,-1.1414767503738403,-0.2737082839012146,-0.8234690427780151,0.3158690333366394,-1.3349686861038208,0.14449554681777954,-0.10904005169868469,0.15735599398612976,-0.10966227203607559,-0.0359448567032814,-0.10966227203607559,1.0079864263534546,-0.10966227203607559,1.1470296382904053,0.025051837787032127,116.5
68,-0.10962209850549698,-0.1176716685295105,-0.10958375036716461,1.0024410486221313,-0.109673872590065,1.144282579421997,0.027030659839510918,0.7250000238418579,-1.871518873441903e-15,0.1303061842918396,-2.3790492628545366e-16,0.0807805210351944,-7.216449660063518e-16,0.03191227838397026,-0.025995496660470963,-0.0,0.3777376115322113,-0.16988588869571686,-0.07519923150539398,-0.09474686533212662,-0.995474636554718,-0.007298895623534918,-0.9937606453895569,0.09501204639673233,-0.05841599777340889,-1.1341203451156616,-0.2717178463935852,-0.8169861435890198,0.33010220527648926,-1.3298043012619019,0.128776416182518,-0.10728545486927032,0.15777474641799927,-0.10966227203607559,-0.0359448567032814,-0.10966227203607559,1.0123441219329834,-0.10966227203607559,1.1481459140777588,0.023812096565961838,116.5
69,-0.10962209850549698,-0.11211290210485458,-0.10958375036716461,1.0058561563491821,-0.109673872590065,1.1459124088287354,0.02583031915128231,0.7250000238418579,-1.871518873441903e-15,0.12469072639942169,-2.3790492628545366e-16,0.07678121328353882,-7.216449660063518e-16,0.03470631688833237,-0.026488561183214188,-0.0,0.37797996401786804,-0.16996413469314575,-0.07508733868598938,-0.09549543261528015,-0.9954061508178711,-0.0068730637431144714,-0.9937114119529724,0.09573384374380112,-0.05807437375187874,-1.1303671598434448,-0.2850099205970764,-0.814444363117218,0.3353913426399231,-1.3260265588760376,0.13428184390068054,-0.10619784891605377,0.15966112911701202,-0.10966227203607559,-0.0359448567032814,-0.10966227203607559,1.0159178972244263,-0.10966227203607559,1.149940848350525,0.02264438383281231,116.5
70,-0.10962209850549698,-0.10609011352062225,-0.10958375036716461,1.0097274780273438,-0.109673872590065,1.1473140716552734,0.024605052545666695,0.7250000238418579,-1.871518873441903e-15,0.12981311976909637,-2.3790492628545366e-16,0.08215014636516571,-7.216449660063518e-16,0.03309015557169914,-0.027009019628167152,-0.0,0.37673333287239075,-0.16959470510482788,-0.07590208202600479,-0.09584089368581772,-0.9953612685203552,-0.008396189659833908,-0.9937024116516113,0.09616629034280777,-0.057511258870363235,-1.127977967262268,-0.3000430464744568,-0.813066303730011,0.32595616579055786,-1.3241828680038452,0.14974085986614227,-0.10969585180282593,0.1598622053861618,-0.10966227203607559,-0.0359448567032814,-0.10966227203607559,1.0195062160491943,-0.10966227203607559,1.151806354522705,0.02131417766213417,116.5
71,-0.10962209850549698,-0.09966656565666199,-0.10958375036716461,1.013869285583496,-0.109673872590065,1.1490647792816162,0.02330883778631687,0.7250000238418579,-1.871518873441903e-15,0.13066229224205017,-2.3790492628545366e-16,0.08439633250236511,-7.216449660063518e-16,0.0337749682366848,-0.026269420981407166,-0.0,0.37667033076286316,-0.16958145797252655,-0.07597172260284424,-0.09512899816036224,-0.9954333901405334,-0.007929306477308273,-0.9937923550605774,0.09542770683765411,-0.057186346501111984,-1.1234170198440552,-0.3091445565223694,-0.8095107674598694,0.3270520567893982,-1.32024085521698,0.1529817283153534,-0.11085149645805359,0.16065244376659393,-0.10966227203607559,-0.0359448567032814,-0.10966227203607559,1.0236808061599731,-0.10966227203607559,1.1536542177200317,0.019983291625976562,116.5
72,-0.10962209850549698,-0.09405219554901123,-0.10958375036716461,1.0173399448394775,-0.109673872590065,1.1507041454315186,0.022154517471790314,0.7250000238418579,-1.871518873441903e-15,0.12510161101818085,-2.3790492628545366e-16,0.07845216244459152,-7.216449660063518e-16,0.03615811839699745,-0.02558460831642151,-0.0,0.37741702795028687,-0.16972818970680237,-0.07548898458480835,-0.09534886479377747,-0.9954145550727844,-0.007641875650733709,-0.9937363266944885,0.09563195705413818,-0.05781586840748787,-1.1171185970306396,-0.3183841109275818,-0.8049622178077698,0.33838170766830444,-1.315208911895752,0.1504799872636795,-0.10886695981025696,0.16237206757068634,-0.10966227203607559,-0.0359448567032814,-0.10966227203607559,1.0274914503097534,-0.10966227203607559,1.1552186012268066,0.018888508901000023,116.5
73,-0.10962209850549698,-0.0873851329088211,-0.10958375036716461,1.021621584892273,-0.109673872590065,1.1526849269866943,0.02074325457215309,0.7250000238418579,-1.871518873441903e-15,0.13077186048030853,-2.3790492628545366e-16,0.0833006352186203,-7.216449660063518e-16,0.03892476111650467,-0.02763904631137848,-0.0,0.3771504759788513,-0.16972318291664124,-0.07570862025022507,-0.0954536646604538,-0.9954044222831726,-0.007657743524760008,-0.9937103390693665,0.09573806822299957,-0.058085642755031586,-1.1126502752304077,-0.3284434974193573,-0.8016367554664612,0.34100037813186646,-1.3122912645339966,0.1530723124742508,-0.11144138127565384,0.16336312890052795,-0.10966227203607559,-0.0359448567032814,-0.10966227203607559,1.0318516492843628,-0.10966227203607559,1.1572771072387695,0.017400013282895088,116.5
74,-0.10962209850549698,-0.08186855167150497,-0.10958375036716461,1.025222659111023,-0.109673872590065,1.1542495489120483,0.019587017595767975,0.7250000238418579,-1.871518873441903e-15,0.12641645967960358,-2.3790492628545366e-16,0.08242407441139221,-7.216449660063518e-16,0.036541614681482315,-0.026570739224553108,-0.0,0.3773663640022278,-0.16977418959140778,-0.07521868497133255,-0.09403472393751144,-0.995550274848938,-0.00608992762863636,-0.9938239455223083,0.09423016756772995,-0.05860515311360359,-1.1086195707321167,-0.33415156602859497,-0.7984716892242432,0.34189480543136597,-1.307865858078003,0.15408244729042053,-0.10977371037006378,0.1634744256734848,-0.10966227203607559,-0.0359448567032814,-0.10966227203607559,1.0354795455932617,-0.10966227203607559,1.1588720083236694,0.016293806955218315,116.5
75,-0.10962209850549698,-0.07522833347320557,-0.10958375036716461,1.0296807289123535,-0.109673872590065,1.156214952468872,0.018139323219656944,0.7250000238418579,-1.871518873441903e-15,0.12937484681606293,-2.3790492628545366e-16,0.08642338216304779,-7.216449660063518e-16,0.03782906010746956,-0.027995148673653603,-0.0,0.377030611038208,-0.16963748633861542,-0.07578109949827194,-0.09568265825510025,-0.995387077331543,-0.007024956867098808,-0.9937024712562561,0.09592938423156738,-0.057904113084077835,-1.1042754650115967,-0.34613335132598877,-0.795106053352356,0.33985835313796997,-1.3042000532150269,0.1615624576807022,-0.11174744367599487,0.16423399746418,-0.10966227203607559,-0.0359448567032814,-0.10966227203607559,1.0398764610290527,-0.10966227203607559,1.1610618829727173,0.014786899089813232,116.5
76,-0.10962209850549698,-0.06937811523675919,-0.10958375036716461,1.033381462097168,-0.109673872590065,1.157973289489746,0.016952404752373695,0.7250000238418579,-1.871518873441903e-15,0.13175798952579498,-2.3790492628545366e-16,0.08483461290597916,-7.216449660063518e-16,0.03936304152011871,-0.027310336008667946,-0.0,0.3767784833908081,-0.16957412660121918,-0.07560208439826965,-0.09572752565145493,-0.9953846335411072,-0.006753116380423307,-0.9937231540679932,0.09595785290002823,-0.05750049278140068,-1.0986409187316895,-0.3578804135322571,-0.7918068766593933,0.3455454111099243,-1.3010122776031494,0.16423064470291138,-0.11331303417682648,0.16546715795993805,-0.10966227203607559,-0.0359448567032814,-0.10966227203607559,1.0437477827072144,-0.10966227203607559,1.1629002094268799,0.013553014025092125,116.5
77,-0.10962209850549698,-0.06282418221235275,-0.10958375036716461,1.0378050804138184,-0.109673872590065,1.1600327491760254,0.015500876121222973,0.7250000238418579,-1.871518873441903e-15,0.13052533566951752,-2.3790492628545366e-16,0.08702601492404938,-7.216449660063518e-16,0.040705274790525436,-0.028269074857234955,-0.0,0.3769095838069916,-0.16962246596813202,-0.07560446113348007,-0.09567131847143173,-0.9953877329826355,-0.007087742909789085,-0.9936760067939758,0.09592241048812866,-0.05836828798055649,-1.094266653060913,-0.3665603995323181,-0.7881213426589966,0.346526563167572,-1.2963752746582031,0.16702739894390106,-0.11325385421514511,0.16622261703014374,-0.10966227203607559,-0.0359448567032814,-0.10966227203607559,1.0482008457183838,-0.10966227203607559,1.165043592453003,0.01210326049476862,116.5
78,-0.10962209850549698,-0.05693944916129112,-0.10958375036716461,1.0416208505630493,-0.109673872590065,1.1618850231170654,0.014229589141905308,0.7250000238418579,-1.871518873441903e-15,0.13099099695682526,-2.3790492628545366e-16,0.0858481377363205,-7.216449660063518e-16,0.04114355519413948,-0.028542999178171158,-0.0,0.377245157957077,-0.16971240937709808,-0.07550279796123505,-0.09492692351341248,-0.9954639077186584,-0.0063634212128818035,-0.9937954545021057,0.0951361283659935,-0.057616785168647766,-1.0884264707565308,-0.37375175952911377,-0.7840715050697327,0.3540627956390381,-1.2924518585205078,0.1643630862236023,-0.11306345462799072,0.16704553365707397,-0.10966227203607559,-0.0359448567032814,-0.10966227203607559,1.0522427558898926,-0.10966227203607559,1.1668158769607544,0.010837686248123646,116.5
79,-0.10962209850549698,-0.05108923092484474,-0.10958375036716461,1.0455900430679321,-0.109673872590065,1.1637871265411377,0.012950632721185684,0.7250000238418579,-1.871518873441903e-15,0.13025140762329102,-2.3790492628545366e-16,0.08716297894716263,-7.216449660063518e-16,0.04191054776310921,-0.028351252898573875,-0.0,0.37714502215385437,-0.16971835494041443,-0.07539332658052444,-0.09583697468042374,-0.9953761696815491,-0.00644057709723711,-0.9937011003494263,0.0960492342710495,-0.05772949010133743,-1.0846000909805298,-0.3827769458293915,-0.7811722159385681,0.35392266511917114,-1.2886390686035156,0.16863727569580078,-0.11355254799127579,0.16774185001850128,-0.10966227203607559,-0.0359448567032814,-0.10966227203607559,1.0562077760696411,-0.10966227203607559,1.1688462495803833,0.00954405590891838,116.5
80,-0.10962209850549698,-0.04458131641149521,-0.10958375036716461,1.0500961542129517,-0.109673872590065,1.165831208229065,0.011537453159689903,0.7250000238418579,-1.871518873441903e-15,0.13005965948104858,-2.3790492628545366e-16,0.08992962539196014,-7.216449660063518e-16,0.04133530333638191,-0.028269074857234955,-0.0,0.37739384174346924,-0.16977444291114807,-0.07572192698717117,-0.09589230269193649,-0.9953626990318298,-0.0076027847826480865,-0.9936676025390625,0.0961727723479271,-0.05809919908642769,-1.0795652866363525,-0.38890326023101807,-0.7768480777740479,0.35472702980041504,-1.2838399410247803,0.16892372071743011,-0.1135457381606102,0.16798226535320282,-0.10966227203607559,-0.0359448567032814,-0.10966227203607559,1.06073796749115,-0.10966227203607559,1.1708989143371582,0.008131081238389015,116.5
81,-0.10962209850549698,-0.039475079625844955,-0.10958375036716461,1.053823709487915,-0.109673872590065,1.1676335334777832,0.010306433774530888,0.7250000238418579,-1.871518873441903e-15,0.11945875734090805,-2.3790492628545366e-16,0.0852728933095932,-7.216449660063518e-16,0.04013003408908844,-0.02774861641228199,-0.0,0.37694936990737915,-0.16967739164829254,-0.07581006735563278,-0.09577508270740509,-0.9953687787055969,-0.008256104774773121,-0.9936564564704895,0.09609486907720566,-0.05841792747378349,-1.0783414840698242,-0.40466031432151794,-0.7766022086143494,0.3472089171409607,-1.2799142599105835,0.18536952137947083,-0.11133599281311035,0.16886483132839203,-0.10966227203607559,-0.0359448567032814,-0.10966227203607559,1.0642399787902832,-0.10966227203607559,1.1731946468353271,0.006966353394091129,116.5
82,-0.10962209850549698,-0.037172190845012665,-0.10958375036716461,1.0578120946884155,-0.109673872590065,1.1696335077285767,0.009023642167448997,0.7250000238418579,-1.871518873441903e-15,0.07157664000988007,-2.3790492628545366e-16,0.08653295040130615,-7.216449660063518e-16,0.04292406886816025,-0.027967756614089012,-0.0,0.37758368253707886,-0.16982974112033844,-0.07556519657373428,-0.09629543125629425,-0.9953281283378601,-0.007002234924584627,-0.9936216473579407,0.09654030203819275,-0.058274827897548676,-1.0919960737228394,-0.41466131806373596,-0.7824110984802246,0.2984991669654846,-1.2708991765975952,0.23005899786949158,-0.09944796562194824,0.16930387914180756,-0.10966227203607559,-0.0359448567032814,-0.10966227203607559,1.0667670965194702,-0.10966227203607559,1.1765352487564087,0.0060402024537324905,116.5
83,-0.10962209850549698,-0.03654325753450394,-0.10958375036716461,1.0618809461593628,-0.109673872590065,1.1718348264694214,0.00783480703830719,0.7250000238418579,-1.871518873441903e-15,0.022872749716043472,-2.3790492628545366e-16,0.09036790579557419,-7.216449660063518e-16,0.047635581344366074,-0.027200765907764435,-0.0,0.37676629424095154,-0.1695503443479538,-0.07571844011545181,-0.09553474932909012,-0.9953982830047607,-0.007442029193043709,-0.9937025904655457,0.09580642729997635,-0.058105845004320145,-1.1097978353500366,-0.43080487847328186,-0.7921054363250732,0.22959281504154205,-1.262534737586975,0.29493385553359985,-0.08980940282344818,0.16935688257217407,-0.10966227203607559,-0.0359448567032814,-0.10966227203607559,1.0687687397003174,-0.10966227203607559,1.180682897567749,0.005140524357557297,116.5
84,-0.10962209850549698,-0.036190442740917206,-0.10958375036716461,1.0647302865982056,-0.109673872590065,1.1747090816497803,0.0067878649570047855,0.7250000238418579,-1.871518873441903e-15,0.00871081929653883,-2.3790492628545366e-16,0.07165881991386414,-7.216449660063518e-16,0.059113044291734695,-0.024242375046014786,-0.0,0.3776895999908447,-0.16984139382839203,-0.07550457864999771,-0.09559030830860138,-0.9953959584236145,-0.00702183973044157,-0.9936825633049011,0.09583770483732224,-0.05839603766798973,-1.106418251991272,-0.43931126594543457,-0.7924882173538208,0.23939798772335052,-1.2589327096939087,0.2966158986091614,-0.08572286367416382,0.17255741357803345,-0.10966227203607559,-0.0359448567032814,-0.10966227203607559,1.071912169456482,-0.10966227203607559,1.183607578277588,0.004216179717332125,116.5
85,-0.10963552445173264,-0.03605238348245621,-0.10958375036716461,1.067232608795166,-0.109673872590065,1.1782640218734741,0.00578502519056201,0.7250000238418579,-0.0001917476038215682,0.004547157324850559,-2.3790492628545366e-16,0.05694903805851936,-7.216449660063518e-16,0.07478156685829163,-0.02251664735376835,-0.0,0.3776895999908447,-0.16984139382839203,-0.07550457864999771,-0.09559030830860138,-0.9953959584236145,-0.00702183973044157,-0.9936825633049011,0.09583770483732224,-0.05839603766798973,-1.1021571159362793,-0.45114460587501526,-0.7926189303398132,0.25177857279777527,-1.256899118423462,0.2987384498119354,-0.08602090179920197,0.1762324422597885,-0.10966227203607559,-0.0359448567032814,-0.10966227203607559,1.0747859477996826,-0.10966227203607559,1.1872261762619019,0.0032043992541730404,116.5
86,-0.10964511334896088,-0.03599485754966736,-0.10958375036716461,1.0702775716781616,-0.109673872590065,1.1818574666976929,0.00470165116712451,0.7250000238418579,-0.0002739251358434558,0.0010957005433738232,-2.3790492628545366e-16,0.059085652232170105,-7.216449660063518e-16,0.07437067478895187,-0.021804440766572952,-0.0,0.3776895999908447,-0.16984139382839203,-0.07550457864999771,-0.09559030830860138,-0.9953959584236145,-0.00702183973044157,-0.9936825633049011,0.09583770483732224,-0.05839603766798973,-1.1023081541061401,-0.44101250171661377,-0.7927666306495667,0.24038656055927277,-1.2541333436965942,0.2956010401248932,-0.08352893590927124,0.1742277592420578,-0.10966227203607559,-0.0359448567032814,-0.10966227203607559,1.0774891376495361,-0.10966227203607559,1.1907254457473755,0.002195782493799925,116.5
87,-0.10964895039796829,-0.035987190902233124,-0.10958375036716461,1.073067545890808,-0.109673872590065,1.1851190328598022,0.003796602366492152,0.7250000238418579,-0.00010957005724776536,0.0005752427969127893,-2.3790492628545366e-16,0.06198925897479057,-7.216449660063518e-16,0.07171360403299332,-0.02054438553750515,-0.0,0.3776895999908447,-0.16984139382839203,-0.07550457864999771,-0.09559030830860138,-0.9953959584236145,-0.00702183973044157,-0.9936825633049011,0.09583770483732224,-0.05839603766798973,-1.101683497428894,-0.42849045991897583,-0.7924547791481018,0.2305559664964676,-1.2517483234405518,0.28899404406547546,-0.08159158378839493,0.17174650728702545,-0.10966227203607559,-0.0359448567032814,-0.10966227203607559,1.079984188079834,-0.10966227203607559,1.1937888860702515,0.0013488538097590208,116.5
88,-0.10965277999639511,-0.035954590886831284,-0.10958375036716461,1.0754202604293823,-0.109673872590065,1.1881333589553833,0.0029835926834493876,0.7250000238418579,-0.00010957005724776536,0.00046567272511310875,-2.3790492628545366e-16,0.059989605098962784,-7.216449660063518e-16,0.07434328645467758,-0.020133497193455696,-0.0,0.3776895999908447,-0.16984139382839203,-0.07550457864999771,-0.09559030830860138,-0.9953959584236145,-0.00702183973044157,-0.9936825633049011,0.09583770483732224,-0.05839603766798973,-1.0998502969741821,-0.42366331815719604,-0.7921571135520935,0.22924639284610748,-1.2500097751617432,0.2841281592845917,-0.08060649037361145,0.17115864157676697,-0.10966227203607559,-0.0359448567032814,-0.10966227203607559,1.082297682762146,-0.10966227203607559,1.1966571807861328,0.0005653987172991037,116.5
89,-0.10965853184461594,-0.03594883903861046,-0.10958375036716461,1.0784344673156738,-0.109673872590065,1.1919164657592773,0.0019519905326887965,0.7250000238418579,-0.00010957005724776536,0.0003834952076431364,-2.3790492628545366e-16,0.05968828871846199,-7.216449660063518e-16,0.0757129117846489,-0.02057177759706974,-0.0,0.3776895999908447,-0.16984139382839203,-0.07550457864999771,-0.09559030830860138,-0.9953959584236145,-0.00702183973044157,-0.9936825633049011,0.09583770483732224,-0.05839603766798973,-1.0982742309570312,-0.4150797128677368,-0.7919239401817322,0.2244039922952652,-1.247822880744934,0.2777481973171234,-0.07884888350963593,0.16969026625156403,-0.10966227203607559,-0.0359448567032814,-0.10966227203607559,1.085166573524475,-0.10966227203607559,1.2002489566802979,-0.00041347567457705736,116.5
90,-0.10966045409440994,-0.03594883903861046,-0.10958375036716461,1.0808409452438354,-0.109673872590065,1.1948214769363403,0.0011236409191042185,0.7250000238418579,-5.478502862388268e-05,-3.2830880568546434e-15,-2.3790492628545366e-16,0.056099869310855865,-7.216449660063518e-16,0.06804300844669342,-0.019174760207533836,-0.0,0.3776895999908447,-0.16984139382839203,-0.07550457864999771,-0.09559030830860138,-0.9953959584236145,-0.00702183973044157,-0.9936825633049011,0.09583770483732224,-0.05839603766798973,-1.0956143140792847,-0.4044007658958435,-0.7914384603500366,0.22094202041625977,-1.246351957321167,0.26812130212783813,-0.07546339184045792,0.1668519824743271,-0.10966227203607559,-0.0359448567032814,-0.10966227203607559,1.087469220161438,-0.10966227203607559,1.2028651237487793,-0.001140260836109519,116.5
91,-0.10966620594263077,-0.03594883903861046,-0.10958375036716461,1.0834084749221802,-0.109673872590065,1.1980830430984497,0.0001975000195670873,0.7250000238418579,-0.00010957005724776536,-3.2830880568546434e-15,-2.3790492628545366e-16,0.05525070056319237,-7.216449660063518e-16,0.06946741789579391,-0.019777394831180573,-0.0,0.3776895999908447,-0.16984139382839203,-0.07550457864999771,-0.09559030830860138,-0.9953959584236145,-0.00702183973044157,-0.9936825633049011,0.09583770483732224,-0.05839603766798973,-1.0940934419631958,-0.3976116180419922,-0.7912423610687256,0.21764664351940155,-1.244561791419983,0.2625759541988373,-0.07389481365680695,0.16569434106349945,-0.10966227203607559,-0.0359448567032814,-0.10966227203607559,1.0899379253387451,-0.10966227203607559,1.2059602737426758,-0.0020193438977003098,116.5
92,-0.10966812074184418,-0.03594883903861046,-0.10958375036716461,1.0859625339508057,-0.109673872590065,1.2010034322738647,-0.0006366020534187555,0.7250000238418579,-5.478502862388268e-05,-3.2830880568546434e-15,-2.3790492628545366e-16,0.057222962379455566,-7.216449660063518e-16,0.06771429628133774,-0.019284330308437347,-0.0,0.3776895999908447,-0.16984139382839203,-0.07550457864999771,-0.09559030830860138,-0.9953959584236145,-0.00702183973044157,-0.9936825633049011,0.09583770483732224,-0.05839603766798973,-1.0933074951171875,-0.3871750831604004,-0.7910250425338745,0.2096116542816162,-1.2425771951675415,0.2568441927433014,-0.07219424098730087,0.16360343992710114,-0.10966227203607559,-0.0359448567032814,-0.10966227203607559,1.0922508239746094,-0.10966227203607559,1.2087087631225586,-0.002802428090944886,116.5
93,-0.10967003554105759,-0.03594883903861046,-0.10958375036716461,1.0883152484893799,-0.109673872590065,1.2039755582809448,-0.0014860439114272594,0.7250000238418579,-2.739251431194134e-05,-3.2830880568546434e-15,-2.3790492628545366e-16,0.05357975885272026,-7.216449660063518e-16,0.06538593024015427,-0.018681693822145462,-0.0,0.3776895999908447,-0.16984139382839203,-0.07550457864999771,-0.09559030830860138,-0.9953959584236145,-0.00702183973044157,-0.9936825633049011,0.09583770483732224,-0.05839603766798973,-1.0907639265060425,-0.38007432222366333,-0.7906398177146912,0.20847128331661224,-1.241081953048706,0.24932733178138733,-0.06995386630296707,0.1620059758424759,-0.10966227203607559,-0.0359448567032814,-0.10966227203607559,1.094569444656372,-0.10966227203607559,1.2114553451538086,-0.0035846601240336895,116.5
94,-0.10967003554105759,-0.03594883903861046,-0.10958375036716461,1.090710163116455,-0.109673872590065,1.2068076133728027,-0.00225111679174006,0.7250000238418579,-2.739251431194134e-05,-3.2830880568546434e-15,-2.3790492628545366e-16,0.0526210181415081,-7.216449660063518e-16,0.06407108902931213,-0.01761338673532009,-0.0,0.3776895999908447,-0.16984139382839203,-0.07550457864999771,-0.09559030830860138,-0.9953959584236145,-0.00702183973044157,-0.9936825633049011,0.09583770483732224,-0.05839603766798973,-1.089077115058899,-0.3719184994697571,-0.7902950048446655,0.20417220890522003,-1.2393547296524048,0.24320246279239655,-0.06834178417921066,0.16038425266742706,-0.10966227203607559,-0.0359448567032814,-0.10966227203607559,1.0968353748321533,-0.10966227203607559,1.2141036987304688,-0.004301371052861214,116.5
95,-0.10967195779085159,-0.03594883903861046,-0.10958375036716461,1.0930533409118652,-0.109673872590065,1.209609031677246,-0.002993179950863123,0.7250000238418579,-2.739251431194134e-05,-3.2830880568546434e-15,-2.3790492628545366e-16,0.05275798216462135,-7.216449660063518e-16,0.062317971140146255,-0.0165998637676239,-0.0,0.3776895999908447,-0.16984139382839203,-0.07550457864999771,-0.09559030830860138,-0.9953959584236145,-0.00702183973044157,-0.9936825633049011,0.09583770483732224,-0.05839603766798973,-1.0877137184143066,-0.36287784576416016,-0.7899178266525269,0.19889135658740997,-1.237601399421692,0.236934632062912,-0.06671159714460373,0.15857820212841034,-0.10966227203607559,-0.0359448567032814,-0.10966227203607559,1.0990201234817505,-0.10966227203607559,1.2167171239852905,-0.004994528833776712,116.5
96,-0.10967195779085159,-0.03594883903861046,-0.10958375036716461,1.0955191850662231,-0.109673872590065,1.212619423866272,-0.003838786855340004,0.7250000238418579,-1.871518873441903e-15,-3.2830880568546434e-15,-2.3790492628545366e-16,0.049772199243307114,-7.216449660063518e-16,0.06075659766793251,-0.016791611909866333,-0.0,0.3776895999908447,-0.16984139382839203,-0.07550457864999771,-0.09559030830860138,-0.9953959584236145,-0.00702183973044157,-0.9936825633049011,0.09583770483732224,-0.05839603766798973,-1.0854908227920532,-0.35592979192733765,-0.7897101044654846,0.19665853679180145,-1.2360564470291138,0.23036497831344604,-0.06451532989740372,0.15702073276042938,-0.10966227203607559,-0.0359448567032814,-0.10966227203607559,1.1014189720153809,-0.10966227203607559,1.2195303440093994,-0.005774246528744698,116.5
97,-0.10967195779085159,-0.03594883903861046,-0.10958375036716461,1.0977070331573486,-0.109673872590065,1.2151352167129517,-0.004550170619040728,0.7250000238418579,-1.871518873441903e-15,-3.2830880568546434e-15,-2.3790492628545366e-16,0.048895638436079025,-7.216449660063518e-16,0.057058606296777725,-0.016216367483139038,-0.0,0.3776895999908447,-0.16984139382839203,-0.07550457864999771,-0.09559030830860138,-0.9953959584236145,-0.00702183973044157,-0.9936825633049011,0.09583770483732224,-0.05839603766798973,-1.0839335918426514,-0.34711551666259766,-0.7894368767738342,0.19178786873817444,-1.2345962524414062,0.22396276891231537,-0.06236840412020683,0.15495027601718903,-0.10966227203607559,-0.0359448567032814,-0.10966227203607559,1.103460669517517,-0.10966227203607559,1.2218540906906128,-0.006421221885830164,116.5
98,-0.109673872590065,-0.03594883903861046,-0.10958375036716461,1.0999140739440918,-0.109673872590065,1.217775583267212,-0.005280728917568922,0.7250000238418579,-2.739251431194134e-05,-3.2830880568546434e-15,-2.3790492628545366e-16,0.048758674412965775,-7.216449660063518e-16,0.05763385072350502,-0.016024621203541756,-0.0,0.3776895999908447,-0.16984139382839203,-0.07550457864999771,-0.09559030830860138,-0.9953959584236145,-0.00702183973044157,-0.9936825633049011,0.09583770483732224,-0.05839603766798973,-1.0827544927597046,-0.34048759937286377,-0.7892444133758545,0.18761445581912994,-1.232974886894226,0.21942783892154694,-0.0611557774245739,0.1537742167711258,-0.10966227203607559,-0.0359448567032814,-0.10966227203607559,1.105542540550232,-0.10966227203607559,1.2243584394454956,-0.007115402724593878,116.5
99,-0.109673872590065,-0.03594883903861046,-0.10958375036716461,1.102011799812317,-0.109673872590065,1.2202280759811401,-0.005953763145953417,0.7250000238418579,-2.739251431194134e-05,-3.2830880568546434e-15,-2.3790492628545366e-16,0.04747122526168823,-7.216449660063518e-16,0.055908121168613434,-0.01539459265768528,-0.0,0.3776895999908447,-0.16984139382839203,-0.07550457864999771,-0.09559030830860138,-0.9953959584236145,-0.00702183973044157,-0.9936825633049011,0.09583770483732224,-0.05839603766798973,-1.081163763999939,-0.33340200781822205,-0.7889869213104248,0.18400783836841583,-1.2315317392349243,0.21396365761756897,-0.05951106175780296,0.15225452184677124,-0.10966227203607559,-0.0359448567032814,-0.10966227203607559,1.107532024383545,-0.10966227203607559,1.2266470193862915,-0.0077390954829752445,116.5
100,-0.109673872590065,-0.03594883903861046,-0.10958375036716461,1.1041057109832764,-0.109673872590065,1.2227264642715454,-0.006626796908676624,0.7250000238418579,-1.871518873441903e-15,-3.2830880568546434e-15,-2.3790492628545366e-16,0.04651248827576637,-7.216449660063518e-16,0.055058952420949936,-0.014928920194506645,-0.0,0.3776895999908447,-0.16984139382839203,-0.07550457864999771,-0.09559030830860138,-0.9953959584236145,-0.00702183973044157,-0.9936825633049011,0.09583770483732224,-0.05839603766798973,-1.0797027349472046,-0.32664719223976135,-0.7887481451034546,0.18048562109470367,-1.2300364971160889,0.20881620049476624,-0.05805249139666557,0.15090636909008026,-0.10966227203607559,-0.0359448567032814,-0.10966227203607559,1.1095203161239624,-0.10966227203607559,1.228990912437439,-0.008368371985852718,116.5
101,-0.109673872590065,-0.03594883903861046,-0.10958375036716461,1.1061382293701172,-0.109673872590065,1.2251023054122925,-0.007267233915627003,0.7250000238418579,-1.871518873441903e-15,-3.2830880568546434e-15,-2.3790492628545366e-16,0.04547157511115074,-7.216449660063518e-16,0.05366193503141403,-0.014490639790892601,-0.0,0.3776895999908447,-0.16984139382839203,-0.07550457864999771,-0.09559030830860138,-0.9953959584236145,-0.00702183973044157,-0.9936825633049011,0.09583770483732224,-0.05839603766798973,-1.0782544612884521,-0.31987786293029785,-0.788525402545929,0.17684301733970642,-1.2286325693130493,0.20374441146850586,-0.056508030742406845,0.14947329461574554,-0.10966227203607559,-0.0359448567032814,-0.10966227203607559,1.1114435195922852,-0.10966227203607559,1.2312146425247192,-0.008962473832070827,116.5
102,-0.109673872590065,-0.03594883903861046,-0.10958375036716461,1.1081342697143555,-0.109673872590065,1.2274799346923828,-0.007915341295301914,0.7250000238418579,-1.871518873441903e-15,-3.2830880568546434e-15,-2.3790492628545366e-16,0.04456762224435806,-7.216449660063518e-16,0.05273059010505676,-0.014298892579972744,-0.0,0.3776895999908447,-0.16984139382839203,-0.07550457864999771,-0.09559030830860138,-0.9953959584236145,-0.00702183973044157,-0.9936825633049011,0.09583770483732224,-0.05839603766798973,-1.0768957138061523,-0.313443124294281,-0.7883277535438538,0.17341412603855133,-1.227246880531311,0.19887691736221313,-0.05502520129084587,0.14814795553684235,-0.10966227203607559,-0.0359448567032814,-0.10966227203607559,1.1133366823196411,-0.10966227203607559,1.2334462404251099,-0.009566097520291805,116.5
103,-0.109673872590065,-0.03594883903861046,-0.10958375036716461,1.1103854179382324,-0.109673872590065,1.2299726009368896,-0.008565365336835384,0.7250000238418579,-1.871518873441903e-15,-3.2830880568546434e-15,-2.3790492628545366e-16,0.044759366661310196,-7.216449660063518e-16,0.05073093622922897,-0.01334015466272831,-0.0,0.3776895999908447,-0.16984139382839203,-0.07550457864999771,-0.09559030830860138,-0.9953959584236145,-0.00702183973044157,-0.9936825633049011,0.09583770483732224,-0.05839603766798973,-1.0756769180297852,-0.3048432171344757,-0.7880694270133972,0.16743552684783936,-1.2255892753601074,0.19362786412239075,-0.05348639562726021,0.14634555578231812,-0.10966227203607559,-0.0359448567032814,-0.10966227203607559,1.1154085397720337,-0.10966227203607559,1.2357814311981201,-0.010169957764446735,116.5
104,-0.109673872590065,-0.03594883903861046,-0.10958375036716461,1.1123489141464233,-0.109673872590065,1.2322026491165161,-0.009182792156934738,0.7250000238418579,-1.871518873441903e-15,-3.2830880568546434e-15,-2.3790492628545366e-16,0.04404716193675995,-7.216449660063518e-16,0.04944348707795143,-0.01344972476363182,-0.0,0.3776895999908447,-0.16984139382839203,-0.07550457864999771,-0.09559030830860138,-0.9953959584236145,-0.00702183973044157,-0.9936825633049011,0.09583770483732224,-0.05839603766798973,-1.0744667053222656,-0.2984551787376404,-0.7879713177680969,0.16336552798748016,-1.2242693901062012,0.18927884101867676,-0.05193532630801201,0.14494137465953827,-0.10966227203607559,-0.0359448567032814,-0.10966227203607559,1.117249846458435,-0.10966227203607559,1.237881064414978,-0.010740851983428001,116.5
105,-0.109673872590065,-0.03594883903861046,-0.10958375036716461,1.1142778396606445,-0.109673872590065,1.2345036268234253,-0.009815559722483158,0.7250000238418579,-1.871518873441903e-15,-3.2830880568546434e-15,-2.3790492628545366e-16,0.04311581701040268,-7.216449660063518e-16,0.05070354416966438,-0.013997574336826801,-0.0,0.3776895999908447,-0.16984139382839203,-0.07550457864999771,-0.09559030830860138,-0.9953959584236145,-0.00702183973044157,-0.9936825633049011,0.09583770483732224,-0.05839603766798973,-1.0733160972595215,-0.293937087059021,-0.7879387736320496,0.16064320504665375,-1.2229406833648682,0.18592189252376556,-0.050853025168180466,0.14415714144706726,-0.10966227203607559,-0.0359448567032814,-0.10966227203607559,1.119097113609314,-0.10966227203607559,1.2400813102722168,-0.011341149918735027,116.5
106,-0.109673872590065,-0.03595650941133499,-0.10958375036716461,1.1158924102783203,-0.109673872590065,1.2363405227661133,-0.010304516181349754,0.7250000238418579,-1.871518873441903e-15,-0.00010957005724776536,-2.3790492628545366e-16,0.04133530333638191,-7.216449660063518e-16,0.04810125380754471,-0.012956659309566021,-0.0,0.3776895999908447,-0.16984139382839203,-0.07550457864999771,-0.09559030830860138,-0.9953959584236145,-0.00702183973044157,-0.9936825633049011,0.09583770483732224,-0.05839603766798973,-1.0717828273773193,-0.2880546450614929,-0.7876723408699036,0.1580166220664978,-1.2218488454818726,0.1811421811580658,-0.04935028403997421,0.14277541637420654,-0.10966227203607559,-0.0359448567032814,-0.10966227203607559,1.1206328868865967,-0.10966227203607559,1.2417747974395752,-0.011785024777054787,116.5
107,-0.109673872590065,-0.03596034646034241,-0.10958375036716461,1.1177983283996582,-0.109673872590065,1.2385380268096924,-0.010895098559558392,0.7250000238418579,-1.871518873441903e-15,-0.00010957005724776536,-2.3790492628545366e-16,0.041609227657318115,-7.216449660063518e-16,0.047690365463495255,-0.012737519107758999,-0.0,0.3776895999908447,-0.16984139382839203,-0.07550457864999771,-0.09559030830860138,-0.9953959584236145,-0.00702183973044157,-0.9936825633049011,0.09583770483732224,-0.05839603766798973,-1.0708736181259155,-0.2815735638141632,-0.7875270247459412,0.15345150232315063,-1.2204381227493286,0.17716866731643677,-0.048175785690546036,0.141514852643013,-0.10966227203607559,-0.0359448567032814,-0.10966227203607559,1.1224018335342407,-0.10966227203607559,1.2438530921936035,-0.012340373359620571,116.5
108,-0.109673872590065,-0.03596609830856323,-0.10958567261695862,1.1196602582931519,-0.109673872590065,1.2407124042510986,-0.011476093903183937,0.7250000238418579,-1.871518873441903e-15,-0.00010957005724776536,-2.739251431194134e-05,0.03870562091469765,-7.216449660063518e-16,0.04495111480355263,-0.012052706442773342,-0.0,0.3776895999908447,-0.16984139382839203,-0.07550457864999771,-0.09559030830860138,-0.9953959584236145,-0.00702183973044157,-0.9936825633049011,0.09583770483732224,-0.05839603766798973,-1.0688568353652954,-0.2755572199821472,-0.7872329950332642,0.15162478387355804,-1.219291090965271,0.17150436341762543,-0.04632340744137764,0.1400497406721115,-0.10966227203607559,-0.0359448567032814,-0.10966227203607559,1.1242090463638306,-0.10966227203607559,1.2458574771881104,-0.012865796685218811,116.5
109,-0.109673872590065,-0.03596801310777664,-0.10958758741617203,1.121291995048523,-0.109673872590065,1.2426087856292725,-0.011970802210271358,0.7250000238418579,-1.871518873441903e-15,-5.478502862388268e-05,-2.739251431194134e-05,0.03604855015873909,-7.216449660063518e-16,0.04229404032230377,-0.011093968525528908,-0.0,0.3776895999908447,-0.16984139382839203,-0.07550457864999771,-0.09559030830860138,-0.9953959584236145,-0.00702183973044157,-0.9936825633049011,0.09583770483732224,-0.05839603766798973,-1.0669655799865723,-0.2700696587562561,-0.7869102954864502,0.1501225233078003,-1.2182581424713135,0.16625705361366272,-0.04474160820245743,0.13872213661670685,-0.10966227203607559,-0.0359448567032814,-0.10966227203607559,1.1257957220077515,-0.10966227203607559,1.2475965023040771,-0.013313050381839275,116.5
110,-0.109673872590065,-0.035975683480501175,-0.10958950221538544,1.1230887174606323,-0.109673872590065,1.2445281744003296,-0.012498108670115471,0.7250000238418579,-1.871518873441903e-15,-0.00010957005724776536,-5.478502862388268e-05,0.03903433308005333,-7.216449660063518e-16,0.04243100434541702,-0.011477462947368622,-0.0,0.3776895999908447,-0.16984139382839203,-0.07550457864999771,-0.09559030830860138,-0.9953959584236145,-0.00702183973044157,-0.9936825633049011,0.09583770483732224,-0.05839603766798973,-1.0671333074569702,-0.26299944519996643,-0.7869554758071899,0.14257721602916718,-1.2168198823928833,0.16399994492530823,-0.04386905953288078,0.13739559054374695,-0.10966227203607559,-0.0359448567032814,-0.10966227203607559,1.127366065979004,-0.10966227203607559,1.2494481801986694,-0.013814181089401245,116.5
111,-0.109673872590065,-0.035985272377729416,-0.10959142446517944,1.124687910079956,-0.109673872590065,1.2463747262954712,-0.012994734570384026,0.7250000238418579,-1.871518873441903e-15,-0.00021914011449553072,-5.478502862388268e-05,0.03711685538291931,-7.216449660063518e-16,0.041636619716882706,-0.011285715736448765,-0.0,0.3776895999908447,-0.16984139382839203,-0.07550457864999771,-0.09559030830860138,-0.9953959584236145,-0.00702183973044157,-0.9936825633049011,0.09583770483732224,-0.05839603766798973,-1.0657294988632202,-0.2586776614189148,-0.7868353128433228,0.14063860476016998,-1.2157694101333618,0.16033706068992615,-0.04259689897298813,0.1364390105009079,-0.10966227203607559,-0.0359448567032814,-0.10966227203607559,1.1289070844650269,-0.10966227203607559,1.2511848211288452,-0.014272641390562057,116.5
112,-0.109673872590065,-0.035987190902233124,-0.10959142446517944,1.1260703802108765,-0.109673872590065,1.248041033744812,-0.013428084552288055,0.7250000238418579,-1.871518873441903e-15,-0.00010957005724776536,-2.739251431194134e-05,0.03470631688833237,-7.216449660063518e-16,0.04133530333638191,-0.010902220383286476,-0.0,0.3776895999908447,-0.16984139382839203,-0.07550457864999771,-0.09559030830860138,-0.9953959584236145,-0.00702183973044157,-0.9936825633049011,0.09583770483732224,-0.05839603766798973,-1.0641577243804932,-0.25543636083602905,-0.7866407036781311,0.14030222594738007,-1.2148782014846802,0.15669003129005432,-0.04161665216088295,0.1357692927122116,-0.10966227203607559,-0.0359448567032814,-0.10966227203607559,1.1302794218063354,-0.10966227203607559,1.2527416944503784,-0.014676585793495178,116.5
113,-0.109673872590065,-0.03598910570144653,-0.10959333926439285,1.1279821395874023,-0.109673872590065,1.250098466873169,-0.01395922526717186,0.7250000238418579,-1.871518873441903e-15,-2.739251431194134e-05,-2.739251431194134e-05,0.037363387644290924,-7.216449660063518e-16,0.04128051921725273,-0.010655688121914864,-0.0,0.3776895999908447,-0.16984139382839203,-0.07550457864999771,-0.09559030830860138,-0.9953959584236145,-0.00702183973044157,-0.9936825633049011,0.09583770483732224,-0.05839603766798973,-1.0640074014663696,-0.2478238046169281,-0.7865507006645203,0.1329863965511322,-1.2133210897445679,0.1536911427974701,-0.04080282896757126,0.13436825573444366,-0.10966227203607559,-0.0359448567032814,-0.10966227203607559,1.1319717168807983,-0.10966227203607559,1.254709243774414,-0.015183310955762863,116.5
114,-0.109673872590065,-0.03599485754966736,-0.10959333926439285,1.1294431686401367,-0.109673872590065,1.2516995668411255,-0.014367647469043732,0.7250000238418579,-1.871518873441903e-15,-8.217753929784521e-05,-2.3790492628545366e-16,0.03473370894789696,-7.216449660063518e-16,0.0374181754887104,-0.009559987112879753,-0.0,0.3776895999908447,-0.16984139382839203,-0.07550457864999771,-0.09559030830860138,-0.9953959584236145,-0.00702183973044157,-0.9936825633049011,0.09583770483732224,-0.05839603766798973,-1.0622162818908691,-0.24221068620681763,-0.7862715125083923,0.13104625046253204,-1.2124184370040894,0.14868666231632233,-0.03910069912672043,0.13286563754081726,-0.10966227203607559,-0.0359448567032814,-0.10966227203607559,1.133374571800232,-0.10966227203607559,1.2561601400375366,-0.015540668740868568,116.5
115,-0.109673872590065,-0.03599485754966736,-0.10959525406360626,1.130910038948059,-0.109673872590065,1.2535039186477661,-0.014858521521091461,0.7250000238418579,-1.871518873441903e-15,-5.478502862388268e-05,-2.739251431194134e-05,0.03199445828795433,-7.216449660063518e-16,0.038404304534196854,-0.01021740771830082,-0.0,0.3776895999908447,-0.16984139382839203,-0.07550457864999771,-0.09559030830860138,-0.9953959584236145,-0.00702183973044157,-0.9936825633049011,0.09583770483732224,-0.05839603766798973,-1.060718059539795,-0.24008697271347046,-0.7862289547920227,0.1311926245689392,-1.2115589380264282,0.145765483379364,-0.038059379905462265,0.13246220350265503,-0.10966227203607559,-0.0359448567032814,-0.10966227203607559,1.1348458528518677,-0.10966227203607559,1.2578768730163574,-0.016000302508473396,116.5
116,-0.109673872590065,-0.035998694598674774,-0.10959525406360626,1.1323750019073486,-0.109673872590065,1.2551031112670898,-0.015257356688380241,0.7250000238418579,-1.871518873441903e-15,-5.478502862388268e-05,-2.3790492628545366e-16,0.03284362331032753,-7.216449660063518e-16,0.03725381940603256,-0.009614772163331509,-0.0,0.3776895999908447,-0.16984139382839203,-0.07550457864999771,-0.09559030830860138,-0.9953959584236145,-0.00702183973044157,-0.9936825633049011,0.09583770483732224,-0.05839603766798973,-1.0601444244384766,-0.23412621021270752,-0.7860786318778992,0.1265183836221695,-1.2104095220565796,0.14260631799697876,-0.03716614097356796,0.1312459260225296,-0.10966227203607559,-0.0359448567032814,-0.10966227203607559,1.136170506477356,-0.10966227203607559,1.2593812942504883,-0.01637233980000019,116.5
117,-0.109673872590065,-0.035998694598674774,-0.10959717631340027,1.133983850479126,-0.109673872590065,1.2569016218185425,-0.01570221036672592,0.7250000238418579,-1.871518873441903e-15,-2.739251431194134e-05,-2.739251431194134e-05,0.03213141858577728,-7.216449660063518e-16,0.03571983799338341,-0.00879299733787775,-0.0,0.3776895999908447,-0.16984139382839203,-0.07550457864999771,-0.09559030830860138,-0.9953959584236145,-0.00702183973044157,-0.9936825633049011,0.09583770483732224,-0.05839603766798973,-1.0589649677276611,-0.22834068536758423,-0.7858309745788574,0.1231231689453125,-1.2092632055282593,0.13856424391269684,-0.03600883483886719,0.13001160323619843,-0.10966227203607559,-0.0359448567032814,-0.10966227203607559,1.137677550315857,-0.10966227203607559,1.2610585689544678,-0.016782475635409355,116.5
118,-0.109673872590065,-0.035998694598674774,-0.10959717631340027,1.135207176208496,-0.109673872590065,1.258263111114502,-0.016039686277508736,0.7250000238418579,-1.871518873441903e-15,-3.2830880568546434e-15,-2.739251431194134e-05,0.031391821801662445,-7.216449660063518e-16,0.0348980613052845,-0.008656034246087074,-0.0,0.3776895999908447,-0.16984139382839203,-0.07550457864999771,-0.09559030830860138,-0.9953959584236145,-0.00702183973044157,-0.9936825633049011,0.09583770483732224,-0.05839603766798973,-1.0580837726593018,-0.2244824469089508,-0.785735011100769,0.1207943856716156,-1.208439588546753,0.13584770262241364,-0.035103652626276016,0.12916234135627747,-0.10966227203607559,-0.0359448567032814,-0.10966227203607559,1.1388310194015503,-0.10966227203607559,1.2623385190963745,-0.01709279604256153,116.5
119,-0.109673872590065,-0.035998694598674774,-0.10959717631340027,1.1366240978240967,-0.109673872590065,1.259937047958374,-0.016476871445775032,0.7250000238418579,-1.871518873441903e-15,-3.2830880568546434e-15,-2.3790492628545366e-16,0.031008325517177582,-7.216449660063518e-16,0.03610333427786827,-0.009286061860620975,-0.0,0.3776895999908447,-0.16984139382839203,-0.07550457864999771,-0.09559030830860138,-0.9953959584236145,-0.00702183973044157,-0.9936825633049011,0.09583770483732224,-0.05839603766798973,-1.0573582649230957,-0.2212427705526352,-0.7857549786567688,0.11850155889987946,-1.2074421644210815,0.1337096095085144,-0.034376293420791626,0.1286134272813797,-0.10966227203607559,-0.0359448567032814,-0.10966227203607559,1.14017915725708,-0.10966227203607559,1.2639483213424683,-0.017508158460259438,116.5
120,-0.109673872590065,-0.03600061312317848,-0.10959717631340027,1.137954831123352,-0.109673872590065,1.261382818222046,-0.01682009920477867,0.7250000238418579,-1.871518873441903e-15,-2.739251431194134e-05,-2.3790492628545366e-16,0.030378298833966255,-7.216449660063518e-16,0.03393932431936264,-0.008354716934263706,-0.0,0.3776895999908447,-0.16984139382839203,-0.07550457864999771,-0.09559030830860138,-0.9953959584236145,-0.00702183973044157,-0.9936825633049011,0.09583770483732224,-0.05839603766798973,-1.056330680847168,-0.21588999032974243,-0.785530149936676,0.11530856788158417,-1.2064878940582275,0.13006362318992615,-0.03327998146414757,0.12739212810993195,-0.10966227203607559,-0.0359448567032814,-0.10966227203607559,1.1414140462875366,-0.10966227203607559,1.265284776687622,-0.017818497493863106,116.5
121,-0.109673872590065,-0.03600061312317848,-0.10959717631340027,1.139243483543396,-0.109673872590065,1.2629033327102661,-0.017199760302901268,0.7250000238418579,-1.871518873441903e-15,-2.739251431194134e-05,-2.3790492628545366e-16,0.02878953143954277,-7.216449660063518e-16,0.0329258032143116,-0.008080791682004929,-0.0,0.3776895999908447,-0.16984139382839203,-0.07550457864999771,-0.09559030830860138,-0.9953959584236145,-0.00702183973044157,-0.9936825633049011,0.09583770483732224,-0.05839603766798973,-1.0550991296768188,-0.21206417679786682,-0.7853606343269348,0.11391833424568176,-1.2056421041488647,0.12663307785987854,-0.03220951929688454,0.12653540074825287,-0.10966227203607559,-0.0359448567032814,-0.10966227203607559,1.1426609754562378,-0.10966227203607559,1.2667022943496704,-0.01816604658961296,116.5
122,-0.109673872590065,-0.03600061312317848,-0.10959717631340027,1.1407198905944824,-0.109673872590065,1.264500617980957,-0.01759476028382778,0.7250000238418579,-1.871518873441903e-15,-3.2830880568546434e-15,-2.3790492628545366e-16,0.029337381944060326,-7.216449660063518e-16,0.032542306929826736,-0.008080791682004929,-0.0,0.3776895999908447,-0.16984139382839203,-0.07550457864999771,-0.09559030830860138,-0.9953959584236145,-0.00702183973044157,-0.9936825633049011,0.09583770483732224,-0.05839603766798973,-1.0545439720153809,-0.20700055360794067,-0.7853102684020996,0.10965412855148315,-1.2045589685440063,0.12407448887825012,-0.03134991228580475,0.12551343441009521,-0.10966227203607559,-0.0359448567032814,-0.10966227203607559,1.1440094709396362,-0.10966227203607559,1.2682228088378906,-0.018535256385803223,116.5
123,-0.109673872590065,-0.03600061312317848,-0.10959717631340027,1.1419048309326172,-0.109673872590065,1.2658332586288452,-0.01790538989007473,0.7250000238418579,-1.871518873441903e-15,-3.2830880568546434e-15,-2.3790492628545366e-16,0.027337729930877686,-7.216449660063518e-16,0.030241334810853004,-0.0072042313404381275,-0.0,0.3776895999908447,-0.16984139382839203,-0.07550457864999771,-0.09559030830860138,-0.9953959584236145,-0.00702183973044157,-0.9936825633049011,0.09583770483732224,-0.05839603766798973,-1.0531336069107056,-0.2028275430202484,-0.7850590944290161,0.10833427309989929,-1.203800082206726,0.12025413662195206,-0.030180035158991814,0.12447426468133926,-0.10966227203607559,-0.0359448567032814,-0.10966227203607559,1.1451548337936401,-0.10966227203607559,1.2694408893585205,-0.01881079189479351,116.5
124,-0.109673872590065,-0.03600061312317848,-0.10959717631340027,1.1430362462997437,-0.109673872590065,1.2670930624008179,-0.018227526918053627,0.7250000238418579,-1.871518873441903e-15,-3.2830880568546434e-15,-2.3790492628545366e-16,0.027365121990442276,-7.216449660063518e-16,0.030624831095337868,-0.007560333702713251,-0.0,0.3776895999908447,-0.16984139382839203,-0.07550457864999771,-0.09559030830860138,-0.9953959584236145,-0.00702183973044157,-0.9936825633049011,0.09583770483732224,-0.05839603766798973,-1.0526549816131592,-0.19972079992294312,-0.7850749492645264,0.10572972893714905,-1.203003168106079,0.118586465716362,-0.029550475999712944,0.12387863546609879,-0.10966227203607559,-0.0359448567032814,-0.10966227203607559,1.1462081670761108,-0.10966227203607559,1.2706506252288818,-0.019114041700959206,116.5
125,-0.109673872590065,-0.03600061312317848,-0.10959717631340027,1.144436001777649,-0.109673872590065,1.2686270475387573,-0.018570754677057266,0.7250000238418579,-1.871518873441903e-15,-3.2830880568546434e-15,-2.3790492628545366e-16,0.028241682797670364,-7.216449660063518e-16,0.03098093345761299,-0.007231623865664005,-0.0,0.3776895999908447,-0.16984139382839203,-0.07550457864999771,-0.09559030830860138,-0.9953959584236145,-0.00702183973044157,-0.9936825633049011,0.09583770483732224,-0.05839603766798973,-1.052223563194275,-0.1950010508298874,-0.7849820852279663,0.10158972442150116,-1.201899766921997,0.11638165265321732,-0.029012637212872505,0.12304823845624924,-0.10966227203607559,-0.0359448567032814,-0.10966227203607559,1.1474837064743042,-0.10966227203607559,1.2721184492111206,-0.019441133365035057,116.5
126,-0.109673872590065,-0.03600061312317848,-0.10959717631340027,1.1455097198486328,-0.109673872590065,1.2698465585708618,-0.018867963925004005,0.7250000238418579,-1.871518873441903e-15,-3.2830880568546434e-15,-2.3790492628545366e-16,0.025118935853242874,-7.216449660063518e-16,0.028269074857234955,-0.0066289883106946945,-0.0,0.3776895999908447,-0.16984139382839203,-0.07550457864999771,-0.09559030830860138,-0.9953959584236145,-0.00702183973044157,-0.9936825633049011,0.09583770483732224,-0.05839603766798973,-1.0505352020263672,-0.19171856343746185,-0.784760057926178,0.10155831277370453,-1.2013250589370728,0.11249300092458725,-0.027653349563479424,0.12208182364702225,-0.10966227203607559,-0.0359448567032814,-0.10966227203607559,1.1485564708709717,-0.10966227203607559,1.2732213735580444,-0.019697563722729683,116.5
127,-0.109673872590065,-0.03600061312317848,-0.10959717631340027,1.14669668674469,-0.109673872590065,1.2712098360061646,-0.01919393427670002,0.7250000238418579,-1.871518873441903e-15,-3.2830880568546434e-15,-2.3790492628545366e-16,0.025310682132840157,-7.216449660063518e-16,0.029063457623124123,-0.007039876189082861,-0.0,0.3776895999908447,-0.16984139382839203,-0.07550457864999771,-0.09559030830860138,-0.9953959584236145,-0.00702183973044157,-0.9936825633049011,0.09583770483732224,-0.05839603766798973,-1.0500842332839966,-0.1885376274585724,-0.784762442111969,0.09892003238201141,-1.2004687786102295,0.11077965795993805,-0.027083592489361763,0.12152750045061111,-0.10966227203607559,-0.0359448567032814,-0.10966227203607559,1.149664282798767,-0.10966227203607559,1.2745332717895508,-0.020006442442536354,116.5
128,-0.109673872590065,-0.03600061312317848,-0.10959717631340027,1.1478509902954102,-0.109673872590065,1.2724274396896362,-0.019496895372867584,0.7250000238418579,-1.871518873441903e-15,-3.2830880568546434e-15,-2.3790492628545366e-16,0.026159850880503654,-7.216449660063518e-16,0.028296466916799545,-0.00693030608817935,-0.0,0.3776895999908447,-0.16984139382839203,-0.07550457864999771,-0.09559030830860138,-0.9953959584236145,-0.00702183973044157,-0.9936825633049011,0.09583770483732224,-0.05839603766798973,-1.0497639179229736,-0.18401466310024261,-0.7847153544425964,0.09491191804409027,-1.1995935440063477,0.10870512574911118,-0.026360219344496727,0.12058185786008835,-0.10966227203607559,-0.0359448567032814,-0.10966227203607559,1.1506983041763306,-0.10966227203607559,1.275688648223877,-0.02028770186007023,116.5
129,-0.109673872590065,-0.03600061312317848,-0.10959717631340027,1.148903727531433,-0.109673872590065,1.2736968994140625,-0.01978643424808979,0.7250000238418579,-1.871518873441903e-15,-3.2830880568546434e-15,-2.3790492628545366e-16,0.023968450725078583,-7.216449660063518e-16,0.02766643837094307,-0.006492025684565306,-0.0,0.3776895999908447,-0.16984139382839203,-0.07550457864999771,-0.09559030830860138,-0.9953959584236145,-0.00702183973044157,-0.9936825633049011,0.09583770483732224,-0.05839603766798973,-1.048446536064148,-0.1814710646867752,-0.784525454044342,0.09482426941394806,-1.1989283561706543,0.10572271049022675,-0.025520822033286095,0.12001616507768631,-0.10966227203607559,-0.0359448567032814,-0.10966227203607559,1.1517484188079834,-0.10966227203607559,1.2768685817718506,-0.020552057772874832,116.5
130,-0.109673872590065,-0.03600061312317848,-0.10959717631340027,1.149950623512268,-0.109673872590065,1.2748875617980957,-0.020068302750587463,0.7250000238418579,-1.871518873441903e-15,-3.2830880568546434e-15,-2.3790492628545366e-16,0.023228852078318596,-7.216449660063518e-16,0.027118589729070663,-0.006327670533210039,-0.0,0.3776895999908447,-0.16984139382839203,-0.07550457864999771,-0.09559030830860138,-0.9953959584236145,-0.00702183973044157,-0.9936825633049011,0.09583770483732224,-0.05839603766798973,-1.0476502180099487,-0.17827488481998444,-0.784422755241394,0.09304893016815186,-1.1982089281082153,0.1033567413687706,-0.02477489598095417,0.11933314055204391,-0.10966227203607559,-0.0359448567032814,-0.10966227203607559,1.1527421474456787,-0.10966227203607559,1.277988314628601,-0.020811550319194794,116.5
131,-0.109673872590065,-0.03600061312317848,-0.10959717631340027,1.1509860754013062,-0.109673872590065,1.2760668992996216,-0.020340586081147194,0.7250000238418579,-1.871518873441903e-15,-3.2830880568546434e-15,-2.3790492628545366e-16,0.023037103936076164,-7.216449660063518e-16,0.026159850880503654,-0.006108530797064304,-0.0,0.3776895999908447,-0.16984139382839203,-0.07550457864999771,-0.09559030830860138,-0.9953959584236145,-0.00702183973044157,-0.9936825633049011,0.09583770483732224,-0.05839603766798973,-1.0470008850097656,-0.17445635795593262,-0.7842987179756165,0.0906548798084259,-1.1974681615829468,0.10082365572452545,-0.023989198729395866,0.11850707978010178,-0.10966227203607559,-0.0359448567032814,-0.10966227203607559,1.1537057161331177,-0.10966227203607559,1.2790915966033936,-0.021060261875391006,116.5
132,-0.109673872590065,-0.03600061312317848,-0.10959717631340027,1.152008056640625,-0.109673872590065,1.2772153615951538,-0.020610949024558067,0.7250000238418579,-1.871518873441903e-15,-3.2830880568546434e-15,-2.3790492628545366e-16,0.02276317961513996,-7.216449660063518e-16,0.02577635645866394,-0.006026353221386671,-0.0,0.3776895999908447,-0.16984139382839203,-0.07550457864999771,-0.09559030830860138,-0.9953959584236145,-0.00702183973044157,-0.9936825633049011,0.09583770483732224,-0.05839603766798973,-1.0463836193084717,-0.17119252681732178,-0.7842212915420532,0.08846156299114227,-1.196743130683899,0.09872477501630783,-0.023319484665989876,0.1178317442536354,-0.10966227203607559,-0.0359448567032814,-0.10966227203607559,1.1546618938446045,-0.10966227203607559,1.280177116394043,-0.021310534328222275,116.5
133,-0.109673872590065,-0.03600061312317848,-0.10959717631340027,1.1530416011810303,-0.109673872590065,1.278348684310913,-0.020875560119748116,0.7250000238418579,-1.871518873441903e-15,-3.2830880568546434e-15,-2.3790492628545366e-16,0.022982319816946983,-7.216449660063518e-16,0.025255898013710976,-0.00591678312048316,-0.0,0.3776895999908447,-0.16984139382839203,-0.07550457864999771,-0.09559030830860138,-0.9953959584236145,-0.00702183973044157,-0.9936825633049011,0.09583770483732224,-0.05839603766798973,-1.0459147691726685,-0.16751772165298462,-0.7841514945030212,0.08561241626739502,-1.195982813835144,0.09670014679431915,-0.02266559563577175,0.11707206815481186,-0.10966227203607559,-0.0359448567032814,-0.10966227203607559,1.1556099653244019,-0.10966227203607559,1.2812496423721313,-0.021555528044700623,116.5
134,-0.109673872590065,-0.03600061312317848,-0.10959717631340027,1.1541287899017334,-0.109673872590065,1.2795720100402832,-0.02113058604300022,0.7250000238418579,-1.871518873441903e-15,-3.2830880568546434e-15,-2.3790492628545366e-16,0.021996188908815384,-7.216449660063518e-16,0.0246258694678545,-0.005314147565513849,-0.0,0.3776895999908447,-0.16984139382839203,-0.07550457864999771,-0.09559030830860138,-0.9953959584236145,-0.00702183973044157,-0.9936825633049011,0.09583770483732224,-0.05839603766798973,-1.0449655055999756,-0.16416198015213013,-0.7839788794517517,0.08394154906272888,-1.195214033126831,0.0941026359796524,-0.021983487531542778,0.11637885123491287,-0.10966227203607559,-0.0359448567032814,-0.10966227203607559,1.1566470861434937,-0.10966227203607559,1.2823951244354248,-0.021790090948343277,116.5
135,-0.109673872590065,-0.03600061312317848,-0.10959717631340027,1.1549859046936035,-0.109673872590065,1.2805671691894531,-0.021385610103607178,0.7250000238418579,-1.871518873441903e-15,-3.2830880568546434e-15,-2.3790492628545366e-16,0.019804786890745163,-7.216449660063518e-16,0.022817963734269142,-0.005451110191643238,-0.0,0.3776895999908447,-0.16984139382839203,-0.07550457864999771,-0.09559030830860138,-0.9953959584236145,-0.00702183973044157,-0.9936825633049011,0.09583770483732224,-0.05839603766798973,-1.0437912940979004,-0.16175739467144012,-0.7838871479034424,0.08375558257102966,-1.194777250289917,0.09132777154445648,-0.02085096947848797,0.11564669758081436,-0.10966227203607559,-0.0359448567032814,-0.10966227203607559,1.1574985980987549,-0.10966227203607559,1.2833069562911987,-0.02201113849878311,116.5
136,-0.109673872590065,-0.03600061312317848,-0.10959717631340027,1.1559255123138428,-0.109673872590065,1.2816218137741089,-0.02161187119781971,0.7250000238418579,-1.871518873441903e-15,-3.2830880568546434e-15,-2.3790492628545366e-16,0.020160891115665436,-7.216449660063518e-16,0.022900141775608063,-0.0052867550402879715,-0.0,0.3776895999908447,-0.16984139382839203,-0.07550457864999771,-0.09559030830860138,-0.9953959584236145,-0.00702183973044157,-0.9936825633049011,0.09583770483732224,-0.05839603766798973,-1.0434170961380005,-0.15860474109649658,-0.783810019493103,0.08125156164169312,-1.1940553188323975,0.08965115994215012,-0.020416485145688057,0.1150699332356453,-0.10966227203607559,-0.0359448567032814,-0.10966227203607559,1.1583631038665771,-0.10966227203607559,1.284311294555664,-0.022224366664886475,116.5
137,-0.109673872590065,-0.03600061312317848,-0.10959717631340027,1.1568478345870972,-0.109673872590065,1.2826342582702637,-0.021824711933732033,0.7250000238418579,-1.871518873441903e-15,-3.2830880568546434e-15,-2.3790492628545366e-16,0.020763525739312172,-7.216449660063518e-16,0.022845357656478882,-0.004793690051883459,-0.0,0.3776895999908447,-0.16984139382839203,-0.07550457864999771,-0.09559030830860138,-0.9953959584236145,-0.00702183973044157,-0.9936825633049011,0.09583770483732224,-0.05839603766798973,-1.0430878400802612,-0.1551770567893982,-0.7836953997612,0.07843925058841705,-1.1933037042617798,0.08794702589511871,-0.020060857757925987,0.11445585638284683,-0.10966227203607559,-0.0359448567032814,-0.10966227203607559,1.1592010259628296,-0.10966227203607559,1.2852727174758911,-0.022426536306738853,116.5
138,-0.109673872590065,-0.03600061312317848,-0.10959717631340027,1.1577221155166626,-0.109673872590065,1.283644676208496,-0.02203371562063694,0.7250000238418579,-1.871518873441903e-15,-3.2830880568546434e-15,-2.3790492628545366e-16,0.019777394831180573,-7.216449660063518e-16,0.022434469312429428,-0.00465672742575407,-0.0,0.3776895999908447,-0.16984139382839203,-0.07550457864999771,-0.09559030830860138,-0.9953959584236145,-0.00702183973044157,-0.9936825633049011,0.09583770483732224,-0.05839603766798973,-1.0423016548156738,-0.15274065732955933,-0.7835921049118042,0.07739187777042389,-1.1927257776260376,0.08589012175798416,-0.01943422667682171,0.11392981559038162,-0.10966227203607559,-0.0359448567032814,-0.10966227203607559,1.1600438356399536,-0.10966227203607559,1.2862213850021362,-0.022616742178797722,116.5
139,-0.109673872590065,-0.03600061312317848,-0.10959717631340027,1.1586079597473145,-0.109673872590065,1.284630298614502,-0.022240804508328438,0.7250000238418579,-1.871518873441903e-15,-3.2830880568546434e-15,-2.3790492628545366e-16,0.01953086256980896,-7.216449660063518e-16,0.022078366950154305,-0.004601942375302315,-0.0,0.3776895999908447,-0.16984139382839203,-0.07550457864999771,-0.09559030830860138,-0.9953959584236145,-0.00702183973044157,-0.9936825633049011,0.09583770483732224,-0.05839603766798973,-1.0417678356170654,-0.14991578459739685,-0.7835252285003662,0.07545371353626251,-1.1921043395996094,0.08411198109388351,-0.01886427216231823,0.11333949118852615,-0.10966227203607559,-0.0359448567032814,-0.10966227203607559,1.1608716249465942,-0.10966227203607559,1.2871536016464233,-0.02280673198401928,116.5
140,-0.109673872590065,-0.03600061312317848,-0.10959717631340027,1.1595112085342407,-0.109673872590065,1.2855794429779053,-0.022449808195233345,0.7250000238418579,-1.871518873441903e-15,-3.2830880568546434e-15,-2.3790492628545366e-16,0.019996535032987595,-7.216449660063518e-16,0.021311376243829727,-0.004601942375302315,-0.0,0.3776895999908447,-0.16984139382839203,-0.07550457864999771,-0.09559030830860138,-0.9953959584236145,-0.00702183973044157,-0.9936825633049011,0.09583770483732224,-0.05839603766798973,-1.0414587259292603,-0.14642071723937988,-0.7834898829460144,0.07244731485843658,-1.1914464235305786,0.08243532478809357,-0.01824364997446537,0.11257656663656235,-0.10966227203607559,-0.0359448567032814,-0.10966227203607559,1.1616846323013306,-0.10966227203607559,1.2880525588989258,-0.022997118532657623,116.5
141,-0.109673872590065,-0.03600061312317848,-0.10959717631340027,1.160444974899292,-0.109673872590065,1.2865880727767944,-0.02268182300031185,0.7250000238418579,-1.871518873441903e-15,-3.2830880568546434e-15,-2.3790492628545366e-16,0.018983012065291405,-7.216449660063518e-16,0.020352637395262718,-0.0046293349005281925,-0.0,0.3776895999908447,-0.16984139382839203,-0.07550457864999771,-0.09559030830860138,-0.9953959584236145,-0.00702183973044157,-0.9936825633049011,0.09583770483732224,-0.05839603766798973,-1.0406630039215088,-0.14364813268184662,-0.7834373116493225,0.070877805352211,-1.1908612251281738,0.0803648829460144,-0.017432326450943947,0.1118922159075737,-0.10966227203607559,-0.0359448567032814,-0.10966227203607559,1.1625713109970093,-0.10966227203607559,1.2889989614486694,-0.02320479229092598,116.5
142,-0.109673872590065,-0.03600061312317848,-0.10959717631340027,1.1611199378967285,-0.109673872590065,1.2873876094818115,-0.02286590076982975,0.7250000238418579,-1.871518873441903e-15,-3.2830880568546434e-15,-2.3790492628545366e-16,0.01750381663441658,-7.216449660063518e-16,0.020051321014761925,-0.0046293349005281925,-0.0,0.3776895999908447,-0.16984139382839203,-0.07550457864999771,-0.09559030830860138,-0.9953959584236145,-0.00702183973044157,-0.9936825633049011,0.09583770483732224,-0.05839603766798973,-1.0398398637771606,-0.14225876331329346,-0.7833648324012756,0.0708513855934143,-1.190462350845337,0.07866683602333069,-0.016857935115695,0.1115562841296196,-0.10966227203607559,-0.0359448567032814,-0.10966227203607559,1.163245439529419,-0.10966227203607559,1.2897475957870483,-0.023371638730168343,116.5
143,-0.109673872590065,-0.03600061312317848,-0.10959717631340027,1.162034511566162,-0.109673872590065,1.2884211540222168,-0.023090245202183723,0.7250000238418579,-1.871518873441903e-15,-3.2830880568546434e-15,-2.3790492628545366e-16,0.017832526937127113,-7.216449660063518e-16,0.02057177759706974,-0.004547157324850559,-0.0,0.3776895999908447,-0.16984139382839203,-0.07550457864999771,-0.09559030830860138,-0.9953959584236145,-0.00702183973044157,-0.9936825633049011,0.09583770483732224,-0.05839603766798973,-1.039495587348938,-0.1395062357187271,-0.7833091020584106,0.0685710608959198,-1.1897547245025635,0.07725425809621811,-0.01651817001402378,0.11109774559736252,-0.10966227203607559,-0.0359448567032814,-0.10966227203607559,1.1640915870666504,-0.10966227203607559,1.290738821029663,-0.023585790768265724,116.5
144,-0.109673872590065,-0.03600061312317848,-0.10959717631340027,1.1627784967422485,-0.109673872590065,1.2892686128616333,-0.023251313716173172,0.7250000238418579,-1.871518873441903e-15,-3.2830880568546434e-15,-2.3790492628545366e-16,0.017120322212576866,-7.216449660063518e-16,0.01942129246890545,-0.003862344427034259,-0.0,0.3776895999908447,-0.16984139382839203,-0.07550457864999771,-0.09559030830860138,-0.9953959584236145,-0.00702183973044157,-0.9936825633049011,0.09583770483732224,-0.05839603766798973,-1.0387585163116455,-0.1366366297006607,-0.7831198573112488,0.06732186675071716,-1.1892179250717163,0.07496108114719391,-0.01593799702823162,0.11046076565980911,-0.10966227203607559,-0.0359448567032814,-0.10966227203607559,1.1647981405258179,-0.10966227203607559,1.2915174961090088,-0.02372945286333561,116.5
145,-0.109673872590065,-0.03600061312317848,-0.10959717631340027,1.1634994745254517,-0.109673872590065,1.2901430130004883,-0.023433474823832512,0.7250000238418579,-1.871518873441903e-15,-3.2830880568546434e-15,-2.3790492628545366e-16,0.016052013263106346,-7.216449660063518e-16,0.019147368147969246,-0.003862344427034259,-0.0,0.3776895999908447,-0.16984139382839203,-0.07550457864999771,-0.09559030830860138,-0.9953959584236145,-0.00702183973044157,-0.9936825633049011,0.09583770483732224,-0.05839603766798973,-1.0380284786224365,-0.13480155169963837,-0.7830270528793335,0.06687378883361816,-1.1887586116790771,0.07312413305044174,-0.015373470261693,0.11006041616201401,-0.10966227203607559,-0.0359448567032814,-0.10966227203607559,1.1655056476593018,-0.10966227203607559,1.2923367023468018,-0.02389467880129814,116.5
146,-0.109673872590065,-0.03600061312317848,-0.10959717631340027,1.1642491817474365,-0.109673872590065,1.2909752130508423,-0.023592624813318253,0.7250000238418579,-1.871518873441903e-15,-3.2830880568546434e-15,-2.3790492628545366e-16,0.01649029366672039,-7.216449660063518e-16,0.018791263923048973,-0.00372538180090487,-0.0,0.3776895999908447,-0.16984139382839203,-0.07550457864999771,-0.09559030830860138,-0.9953959584236145,-0.00702183973044157,-0.9936825633049011,0.09583770483732224,-0.05839603766798973,-1.0377604961395264,-0.1319119781255722,-0.7829529643058777,0.06457340717315674,-1.188185453414917,0.07162728160619736,-0.01495312713086605,0.10948572307825089,-0.10966227203607559,-0.0359448567032814,-0.10966227203607559,1.1661863327026367,-0.10966227203607559,1.2931240797042847,-0.02404121868312359,116.5
147,-0.109673872590065,-0.03600061312317848,-0.10959717631340027,1.1650028228759766,-0.109673872590065,1.2917958498001099,-0.023738352581858635,0.7250000238418579,-1.871518873441903e-15,-3.2830880568546434e-15,-2.3790492628545366e-16,0.016736825928092003,-7.216449660063518e-16,0.018270807340741158,-0.0032871016301214695,-0.0,0.3776895999908447,-0.16984139382839203,-0.07550457864999771,-0.09559030830860138,-0.9953959584236145,-0.00702183973044157,-0.9936825633049011,0.09583770483732224,-0.05839603766798973,-1.0373917818069458,-0.12894794344902039,-0.7828370928764343,0.06236672401428223,-1.1875988245010376,0.06998952478170395,-0.01455782912671566,0.10889614373445511,-0.10966227203607559,-0.0359448567032814,-0.10966227203607559,1.166873812675476,-0.10966227203607559,1.2938954830169678,-0.024175086989998817,116.5
148,-0.109673872590065,-0.03600061312317848,-0.10959717631340027,1.165662407875061,-0.109673872590065,1.2924842834472656,-0.0238687414675951,0.7250000238418579,-1.871518873441903e-15,-3.2830880568546434e-15,-2.3790492628545366e-16,0.016627255827188492,-7.216449660063518e-16,0.01761338673532009,-0.003204924054443836,-0.0,0.3776895999908447,-0.16984139382839203,-0.07550457864999771,-0.09559030830860138,-0.9953959584236145,-0.00702183973044157,-0.9936825633049011,0.09583770483732224,-0.05839603766798973,-1.0370136499404907,-0.1266007125377655,-0.7827931046485901,0.060576826333999634,-1.1871440410614014,0.06867004930973053,-0.014083465561270714,0.10836172848939896,-0.10966227203607559,-0.0359448567032814,-0.10966227203607559,1.1674797534942627,-0.10966227203607559,1.2945443391799927,-0.02429124526679516,116.5
149,-0.109673872590065,-0.03600061312317848,-0.10959717631340027,1.1664562225341797,-0.109673872590065,1.2933701276779175,-0.024068158119916916,0.7250000238418579,-1.871518873441903e-15,-3.2830880568546434e-15,-2.3790492628545366e-16,0.015997229143977165,-7.216449660063518e-16,0.01753120869398117,-0.0037801668513566256,-0.0,0.3776895999908447,-0.16984139382839203,-0.07550457864999771,-0.09559030830860138,-0.9953959584236145,-0.00702183973044157,-0.9936825633049011,0.09583770483732224,-0.05839603766798973,-1.0364989042282104,-0.12471403181552887,-0.7828297019004822,0.05928361415863037,-1.1866650581359863,0.06737138330936432,-0.013455556705594063,0.10791561752557755,-0.10966227203607559,-0.0359448567032814,-0.10966227203607559,1.1682347059249878,-0.10966227203607559,1.295391321182251,-0.0244718249887228,116.5
150,-0.109673872590065,-0.03600061312317848,-0.10959717631340027,1.1670678853988647,-0.109673872590065,1.2940796613693237,-0.02418704144656658,0.7250000238418579,-1.871518873441903e-15,-3.2830880568546434e-15,-2.3790492628545366e-16,0.0143536776304245,-7.216449660063518e-16,0.0164629016071558,-0.0031501390039920807,-0.0,0.3776895999908447,-0.16984139382839203,-0.07550457864999771,-0.09559030830860138,-0.9953959584236145,-0.00702183973044157,-0.9936825633049011,0.09583770483732224,-0.05839603766798973,-1.0355457067489624,-0.12292084097862244,-0.7826469540596008,0.05932284891605377,-1.1862860918045044,0.0652472972869873,-0.012894073501229286,0.10746658593416214,-0.10966227203607559,-0.0359448567032814,-0.10966227203607559,1.1688475608825684,-0.10966227203607559,1.2960370779037476,-0.02457386441528797,116.5
151,-0.109673872590065,-0.03600061312317848,-0.10959717631340027,1.1677141189575195,-0.109673872590065,1.2948638200759888,-0.024353861808776855,0.7250000238418579,-1.871518873441903e-15,-3.2830880568546434e-15,-2.3790492628545366e-16,0.013942789286375046,-7.216449660063518e-16,0.016819003969430923,-0.0032871016301214695,-0.0,0.3776895999908447,-0.16984139382839203,-0.07550457864999771,-0.09559030830860138,-0.9953959584236145,-0.00702183973044157,-0.9936825633049011,0.09583770483732224,-0.05839603766798973,-1.035103440284729,-0.121360182762146,-0.7826011180877686,0.05853472650051117,-1.1858378648757935,0.06400483101606369,-0.012539451941847801,0.10719313472509384,-0.10966227203607559,-0.0359448567032814,-0.10966227203607559,1.169470191001892,-0.10966227203607559,1.2967839241027832,-0.024730045348405838,116.5
152,-0.109673872590065,-0.03600061312317848,-0.10959717631340027,1.1683660745620728,-0.109673872590065,1.2955541610717773,-0.024465076625347137,0.7250000238418579,-1.871518873441903e-15,-3.2830880568546434e-15,-2.3790492628545366e-16,0.014572817832231522,-7.216449660063518e-16,0.016106797382235527,-0.0029309990350157022,-0.0,0.32635024189949036,-0.1532243937253952,-0.10769995301961899,-0.15389515459537506,-0.9872816801071167,-0.03988915681838989,-0.9876607656478882,0.15488924086093903,-0.023142030462622643,-1.0137138366699219,-0.6414564847946167,-0.8136404156684875,-0.44492584466934204,-1.0982588529586792,0.8571306467056274,-0.10892914980649948,0.12352914363145828,-0.10966227203607559,-0.0359448567032814,-0.10966227203607559,1.1550183296203613,-0.10966227203607559,1.321268081665039,-0.027732951566576958,116.5
153,-0.109673872590065,-0.03600061312317848,-0.10959717631340027,1.1684849262237549,-0.109673872590065,1.296959638595581,-0.024741193279623985,0.7250000238418579,-1.871518873441903e-15,-3.2830880568546434e-15,-2.3790492628545366e-16,0.006820735987275839,-7.216449660063518e-16,0.025447646155953407,-0.004738905001431704,-0.0,0.3744986653327942,-0.16923442482948303,-0.07726901024580002,-0.0903823971748352,-0.9958974719047546,-0.004385180305689573,-0.994266927242279,0.09048526734113693,-0.056971196085214615,-1.0403435230255127,-0.15397398173809052,-0.7914479970932007,0.045699089765548706,-1.1899433135986328,0.10226963460445404,-0.01800375245511532,0.11041975766420364,-0.10966227203607559,-0.0359448567032814,-0.10966227203607559,1.1698559522628784,-0.10966227203607559,1.3000277280807495,-0.025281306356191635,116.5
154,-0.109673872590065,-0.036205779761075974,-0.10959717631340027,1.1622896194458008,-0.109673872590065,1.3043131828308105,-0.02634611912071705,0.7250000238418579,-1.871518873441903e-15,-0.0029309990350157022,-2.3790492628545366e-16,-0.09075140208005905,-7.216449660063518e-16,0.12055445462465286,-0.026077672839164734,-0.0,0.37381017208099365,-0.1690300852060318,-0.07773350924253464,-0.09095997363328934,-0.9958460330963135,-0.004112894646823406,-0.9942492246627808,0.09104698151350021,-0.05638173595070839,-1.015166997909546,-0.28801000118255615,-0.7901914715766907,0.22341887652873993,-1.196858286857605,0.10832938551902771,-0.02638285793364048,0.1443110555410385,-0.10966227203607559,-0.0359448567032814,-0.10966227203607559,1.1689921617507935,-0.10966227203607559,1.307563066482544,-0.027137605473399162,116.5
155,-0.109673872590065,-0.03558068349957466,-0.10959909111261368,1.1655281782150269,-0.109673872590065,1.3030725717544556,-0.026125609874725342,0.7250000238418579,-1.871518873441903e-15,0.007560333702713251,-2.739251431194134e-05,0.0034240642562508583,-7.216449660063518e-16,0.02889910154044628,-0.006765950936824083,-0.0,0.37390366196632385,-0.16906294226646423,-0.07765831053256989,-0.09069710969924927,-0.9958717823028564,-0.0036619286984205246,-0.994269609451294,0.09075890481472015,-0.05648621916770935,-1.0349817276000977,-0.15504391491413116,-0.7862568497657776,0.09496112167835236,-1.192280888557434,0.06638654321432114,-0.018010856583714485,0.11255157738924026,-0.10966227203607559,-0.0359448567032814,-0.10966227203607559,1.1683770418167114,-0.10966227203607559,1.3050642013549805,-0.026665935292840004,116.5
156,-0.109673872590065,-0.03643779456615448,-0.10959909111261368,1.1683814525604248,-0.10967195779085159,1.3051472902297974,-0.026522528380155563,0.7250000238418579,-1.871518873441903e-15,-0.009505202062427998,-2.3790492628545366e-16,0.08176665753126144,2.739251431194134e-05,0.014161929488182068,-0.0025748962070792913,-0.0,0.3747197985649109,-0.16932402551174164,-0.07716226577758789,-0.09018012881278992,-0.9959180355072021,-0.0038502297829836607,-0.9942843914031982,0.09025269746780396,-0.057035233825445175,-1.0622363090515137,-0.08055859804153442,-0.7875439524650574,-0.008825898170471191,-1.1830869913101196,0.07047893106937408,-0.014076275750994682,0.09951688349246979,-0.10966227203607559,-0.0359448567032814,-0.10966227203607559,1.1681166887283325,-0.10966227203607559,1.3072617053985596,-0.02694481797516346,116.5
157,-0.109673872590065,-0.035874057561159134,-0.10959909111261368,1.1681801080703735,-0.10967195779085159,1.3053275346755981,-0.026622235774993896,0.7250000238418579,-1.871518873441903e-15,0.0026844663079828024,-2.3790492628545366e-16,0.011450070887804031,-7.216449660063518e-16,0.020927879959344864,-0.005642857868224382,-0.0,0.3742069602012634,-0.16903027892112732,-0.07741203159093857,-0.09221640974283218,-0.9957265853881836,-0.0049724280834198,-0.9941201210021973,0.09234997630119324,-0.056539323180913925,-1.036261796951294,-0.13568942248821259,-0.7854860424995422,0.07258965075016022,-1.1883360147476196,0.06263259053230286,-0.014063959941267967,0.10817060619592667,-0.10966227203607559,-0.0359448567032814,-0.10966227203607559,1.1703578233718872,-0.10966227203607559,1.3072065114974976,-0.027044154703617096,116.5
158,-0.109673872590065,-0.036054302006959915,-0.10959909111261368,1.168358325958252,-0.10967003554105759,1.3062152862548828,-0.026796726509928703,0.7250000238418579,-1.871518873441903e-15,0.00271185883320868,-2.3790492628545366e-16,-0.00030131766106933355,2.739251431194134e-05,0.012929266318678856,-0.0028762139845639467,-0.0,0.37356042861938477,-0.16899125277996063,-0.07781801372766495,-0.09059248119592667,-0.9958706498146057,-0.005885192658752203,-0.9942470788955688,0.09078073501586914,-0.05684738978743553,-1.0336177349090576,-0.1398925483226776,-0.7867623567581177,0.07929836213588715,-1.1900899410247803,0.06064854934811592,-0.012436224147677422,0.10751179605722427,-0.10966227203607559,-0.0359448567032814,-0.10966227203607559,1.1707372665405273,-0.10966227203607559,1.3080347776412964,-0.027169812470674515,116.5
159,-0.109673872590065,-0.035920076072216034,-0.10959909111261368,1.169079303741455,-0.10967003554105759,1.3068097829818726,-0.02691560983657837,0.7250000238418579,-1.871518873441903e-15,-0.00046567272511310875,-2.3790492628545366e-16,0.01276491116732359,-7.216449660063518e-16,0.0165998637676239,-0.003204924054443836,-0.0,0.37328091263771057,-0.16885460913181305,-0.07801349461078644,-0.09106322377920151,-0.9958317875862122,-0.005146599840372801,-0.9942484498023987,0.09120853990316391,-0.05613416060805321,-1.0388038158416748,-0.1361939013004303,-0.7877728343009949,0.059620216488838196,-1.188275694847107,0.07113485038280487,-0.013718059286475182,0.10687243193387985,-0.10966227203607559,-0.0359448567032814,-0.10966227203607559,1.170867919921875,-0.10966227203607559,1.3089438676834106,-0.027327151969075203,116.5
160,-0.109673872590065,-0.03596801310777664,-0.10959909111261368,1.1701512336730957,-0.10967003554105759,1.307486653327942,-0.027045998722314835,0.7250000238418579,-1.871518873441903e-15,0.0013148406287655234,-2.3790492628545366e-16,0.022434469312429428,-7.216449660063518e-16,0.013586686924099922,-0.002739251358434558,-0.0,0.37417879700660706,-0.1691325604915619,-0.07743532955646515,-0.09161331504583359,-0.9957724809646606,-0.006643400527536869,-0.9941350817680359,0.0918436050415039,-0.05709819868206978,-1.0392016172409058,-0.11645953357219696,-0.7856388092041016,0.054033711552619934,-1.18665611743927,0.05638859048485756,-0.012295735999941826,0.10429071635007858,-0.10966227203607559,-0.0359448567032814,-0.10966227203607559,1.1717722415924072,-0.10966227203607559,1.309178352355957,-0.027414869517087936,116.5
161,-0.109673872590065,-0.03598910570144653,-0.10959909111261368,1.1705290079116821,-0.10966812074184418,1.3083091974258423,-0.027180222794413567,0.7250000238418579,-1.871518873441903e-15,-0.001123093068599701,-2.3790492628545366e-16,0.014572817832231522,2.739251431194134e-05,0.017257284373044968,-0.00295839156024158,-0.0,0.3744218647480011,-0.16915422677993774,-0.07735307514667511,-0.09241801500320435,-0.9957078695297241,-0.004975081421434879,-0.9940884709358215,0.0925513431429863,-0.056765392422676086,-1.036974549293518,-0.12123782932758331,-0.7853463888168335,0.06256066262722015,-1.18618905544281,0.05516452714800835,-0.011313023045659065,0.1056288555264473,-0.10966227203607559,-0.0359448567032814,-0.10966227203607559,1.1724058389663696,-0.10966227203607559,1.3099641799926758,-0.02751961350440979,116.5
162,-0.109673872590065,-0.03597185015678406,-0.10959909111261368,1.1712173223495483,-0.10966812074184418,1.3088672161102295,-0.027310609817504883,0.7250000238418579,-1.871518873441903e-15,0.0003561026824172586,-2.3790492628545366e-16,0.010874828323721886,-7.216449660063518e-16,0.014737172983586788,-0.0029309990350157022,-0.0,0.3740399479866028,-0.16905087232589722,-0.07754600048065186,-0.09177562594413757,-0.9957548379898071,-0.007038527633994818,-0.9941326975822449,0.09202791005373001,-0.0568423718214035,-1.0352842807769775,-0.12304365634918213,-0.7856007218360901,0.06173186004161835,-1.1861872673034668,0.056384775787591934,-0.011108336970210075,0.10508053749799728,-0.10966227203607559,-0.0359448567032814,-0.10966227203607559,1.1730692386627197,-0.10966227203607559,1.310558795928955,-0.027643859386444092,116.5
163,-0.109673872590065,-0.035981435328722,-0.10959909111261368,1.1720380783081055,-0.10966812074184418,1.3095632791519165,-0.027417989447712898,0.7250000238418579,-1.871518873441903e-15,-0.0001369625679217279,-2.3790492628545366e-16,0.018161237239837646,-7.216449660063518e-16,0.013093621470034122,-0.002355756238102913,-0.0,0.3739645779132843,-0.16899484395980835,-0.07760471105575562,-0.09289601445198059,-0.9956528544425964,-0.0067594582214951515,-0.994071364402771,0.09312943369150162,-0.05611618980765343,-1.0372281074523926,-0.11605902016162872,-0.7856560349464417,0.04968783259391785,-1.1850134134292603,0.057892460376024246,-0.011139648035168648,0.10356184095144272,-0.10966227203607559,-0.0359448567032814,-0.10966227203607559,1.1735286712646484,-0.10966227203607559,1.3113000392913818,-0.02775217778980732,116.5
164,-0.109673872590065,-0.035981435328722,-0.10959909111261368,1.172739863395691,-0.10966620594263077,1.3102190494537354,-0.027550294995307922,0.7250000238418579,-1.871518873441903e-15,-3.2830880568546434e-15,-2.3790492628545366e-16,0.012929266318678856,2.739251431194134e-05,0.013614079914987087,-0.0024927188642323017,-0.0,0.3741852045059204,-0.16908957064151764,-0.07743564248085022,-0.09176133573055267,-0.9957599639892578,-0.006473139859735966,-0.9941627979278564,0.09198073297739029,-0.056389760226011276,-1.035179853439331,-0.11555568873882294,-0.7854703664779663,0.0552140474319458,-1.1849045753479004,0.05339457467198372,-0.010148653760552406,0.10371945053339005,-0.10966227203607559,-0.0359448567032814,-0.10966227203607559,1.174396276473999,-0.10966227203607559,1.3118208646774292,-0.02785475365817547,116.5
165,-0.109673872590065,-0.035981435328722,-0.10959909111261368,1.1731808185577393,-0.10966620594263077,1.3108594417572021,-0.027640417218208313,0.7250000238418579,-1.871518873441903e-15,-3.2830880568546434e-15,-2.3790492628545366e-16,0.012655341066420078,-7.216449660063518e-16,0.013586686924099922,-0.0022735786624252796,-0.0,0.3748135268688202,-0.1692877858877182,-0.07711330056190491,-0.09152612090110779,-0.9957903623580933,-0.004950354341417551,-0.9941762089729309,0.09165950864553452,-0.056676268577575684,-1.0341156721115112,-0.10837411880493164,-0.7843721508979797,0.060235098004341125,-1.1844720840454102,0.04339386895298958,-0.008853254839777946,0.10328434407711029,-0.10966227203607559,-0.0359448567032814,-0.10966227203607559,1.1749879121780396,-0.10966227203607559,1.3121612071990967,-0.027906015515327454,116.5
166,-0.109673872590065,-0.035981435328722,-0.10959909111261368,1.1739037036895752,-0.10966620594263077,1.3114136457443237,-0.02775738202035427,0.7250000238418579,-1.871518873441903e-15,-3.2830880568546434e-15,-2.3790492628545366e-16,0.0128744812682271,-7.216449660063518e-16,0.013148406520485878,-0.0023831487633287907,-0.0,0.37446674704551697,-0.16920702159404755,-0.07728073000907898,-0.09157782793045044,-0.9957822561264038,-0.005581527948379517,-0.9941707253456116,0.09174704551696777,-0.056630685925483704,-1.0345416069030762,-0.10918568074703217,-0.7852204442024231,0.054492756724357605,-1.1842689514160156,0.047625165432691574,-0.009033666923642159,0.1028599813580513,-0.10966227203607559,-0.0359448567032814,-0.10966227203607559,1.1755385398864746,-0.10966227203607559,1.3128423690795898,-0.028028393164277077,116.5
167,-0.109673872590065,-0.035981435328722,-0.10959909111261368,1.1745250225067139,-0.10966620594263077,1.3118565082550049,-0.02784750424325466,0.7250000238418579,-1.871518873441903e-15,-3.2830880568546434e-15,-2.3790492628545366e-16,0.015586340799927711,-7.216449660063518e-16,0.010463939979672432,-0.002218793611973524,-0.0,0.37494972348213196,-0.16931332647800446,-0.0770191177725792,-0.09159679710865021,-0.9957833290100098,-0.005061704199761152,-0.9941628575325012,0.09173639118671417,-0.05678539723157883,-1.0340787172317505,-0.09991630911827087,-0.7840888500213623,0.05257652699947357,-1.1832380294799805,0.040140073746442795,-0.007589907851070166,0.10144776850938797,-0.10966227203607559,-0.0359448567032814,-0.10966227203607559,1.1761022806167603,-0.10966227203607559,1.3130607604980469,-0.02807520143687725,116.5
168,-0.109673872590065,-0.035981435328722,-0.10959909111261368,1.1751270294189453,-0.10966428369283676,1.3123857975006104,-0.027924202382564545,0.7250000238418579,-1.871518873441903e-15,-3.2830880568546434e-15,-2.3790492628545366e-16,0.012984051369130611,2.739251431194134e-05,0.011093968525528908,-0.0017805134411901236,-0.0,0.37414833903312683,-0.16912101209163666,-0.07747213542461395,-0.0921378880739212,-0.9957253932952881,-0.006445946171879768,-0.9941160082817078,0.0923553854227066,-0.05660267919301987,-1.0344278812408447,-0.107404425740242,-0.7857858538627625,0.04686616361141205,-1.1835917234420776,0.05040280148386955,-0.0087685976177454,0.10179552435874939,-0.10966227203607559,-0.0359448567032814,-0.10966227203607559,1.1765329837799072,-0.10966227203607559,1.3138978481292725,-0.028187260031700134,116.5
169,-0.109673872590065,-0.035981435328722,-0.10959909111261368,1.1756696701049805,-0.10966428369283676,1.3127942085266113,-0.02799706719815731,0.7250000238418579,-1.871518873441903e-15,-3.2830880568546434e-15,-2.3790492628545366e-16,0.012518378905951977,2.739251431194134e-05,0.010080445557832718,-0.0016435508150607347,-0.0,0.37496504187583923,-0.1693006306886673,-0.07696894556283951,-0.0920814648270607,-0.9957355260848999,-0.005637174006551504,-0.9941224455833435,0.09225304424762726,-0.0566566176712513,-1.0323890447616577,-0.09852972626686096,-0.7838638424873352,0.05158735811710358,-1.182402491569519,0.0389440692961216,-0.006968942936509848,0.10101063549518585,-0.10966227203607559,-0.0359448567032814,-0.10966227203607559,1.1772172451019287,-0.10966227203607559,1.3139625787734985,-0.02820613421499729,116.5
170,-0.109673872590065,-0.035981435328722,-0.10959909111261368,1.176239252090454,-0.10966428369283676,1.3134537935256958,-0.028073765337467194,0.7250000238418579,-1.871518873441903e-15,-3.2830880568546434e-15,-2.3790492628545366e-16,0.011641818098723888,-7.216449660063518e-16,0.011970528401434422,-0.0015613733557984233,-0.0,0.37476176023483276,-0.16926410794258118,-0.07714993506669998,-0.09270856529474258,-0.9956739544868469,-0.00620671920478344,-0.9940622448921204,0.09291154891252518,-0.0566367469727993,-1.0323781967163086,-0.10051088035106659,-0.7843502759933472,0.05000483989715576,-1.1823033094406128,0.04163159802556038,-0.007495203521102667,0.10129498690366745,-0.10966227203607559,-0.0359448567032814,-0.10966227203607559,1.1777393817901611,-0.10966227203607559,1.3147027492523193,-0.028298621997237206,116.5
171,-0.109673872590065,-0.035981435328722,-0.10959909111261368,1.176801085472107,-0.10966428369283676,1.3137682676315308,-0.02814471162855625,0.7250000238418579,-1.871518873441903e-15,-3.2830880568546434e-15,-2.3790492628545366e-16,0.011997921392321587,-7.216449660063518e-16,0.009258669801056385,-0.0015613733557984233,-0.0,0.3743414282798767,-0.16916383802890778,-0.0774054005742073,-0.09150005877017975,-0.9957876801490784,-0.005881400778889656,-0.9942260384559631,0.09168584644794464,-0.05575133487582207,-1.0331249237060547,-0.10093843936920166,-0.7855560779571533,0.04297976195812225,-1.1824092864990234,0.0463804267346859,-0.007428572978824377,0.10047176480293274,-0.10966227203607559,-0.0359448567032814,-0.10966227203607559,1.1780904531478882,-0.10966227203607559,1.3151596784591675,-0.02836756967008114,116.5
172,-0.109673872590065,-0.035981435328722,-0.10959909111261368,1.1773245334625244,-0.10966428369283676,1.3143070936203003,-0.02821565978229046,0.7250000238418579,-1.871518873441903e-15,-3.2830880568546434e-15,-2.3790492628545366e-16,0.012162276543676853,-7.216449660063518e-16,0.009916090406477451,-0.0015613733557984233,-0.0,0.3745516836643219,-0.1691487580537796,-0.07730000466108322,-0.09358197450637817,-0.9955875277519226,-0.0069205258041620255,-0.9939900636672974,0.0938238650560379,-0.056398820132017136,-1.0319114923477173,-0.09836083650588989,-0.7843837738037109,0.04295772314071655,-1.1812669038772583,0.043690893799066544,-0.007037503179162741,0.10018650442361832,-0.10966227203607559,-0.0359448567032814,-0.10966227203607559,1.178613305091858,-0.10966227203607559,1.3156177997589111,-0.02842678502202034,116.5
173,-0.109673872590065,-0.035981435328722,-0.10959909111261368,1.1777578592300415,-0.10966428369283676,1.3147691488265991,-0.028277019038796425,0.7250000238418579,-1.871518873441903e-15,-3.2830880568546434e-15,-2.3790492628545366e-16,0.011011790484189987,-7.216449660063518e-16,0.012025313451886177,-0.0015613733557984233,-0.0,0.3748660683631897,-0.16923947632312775,-0.07702267169952393,-0.09253443777561188,-0.9956895709037781,-0.006299104541540146,-0.9940425753593445,0.09274358302354813,-0.05725393444299698,-1.0308973789215088,-0.09584718942642212,-0.7837699055671692,0.04660724103450775,-1.1807233095169067,0.03895679488778114,-0.006603078451007605,0.10037711262702942,-0.10966227203607559,-0.0359448567032814,-0.10966227203607559,1.1791560649871826,-0.10966227203607559,1.315937876701355,-0.028475111350417137,116.5
174,-0.109673872590065,-0.035981435328722,-0.10959909111261368,1.178281307220459,-0.10966428369283676,1.3152562379837036,-0.02834221161901951,0.7250000238418579,-1.871518873441903e-15,-3.2830880568546434e-15,-2.3790492628545366e-16,0.01131310872733593,-7.216449660063518e-16,0.010984398424625397,-0.00147919578012079,-0.0,0.3711561858654022,-0.16694623231887817,-0.07788091152906418,-0.08467157930135727,-0.9964063763618469,-0.0022470285184681416,-0.9947088956832886,0.08465857803821564,-0.05819942429661751,-1.0254822969436646,-0.12462502717971802,-0.7821881175041199,0.011795073747634888,-1.1714690923690796,0.08598699420690536,-0.0111293476074934,0.09935852885246277,-0.10966227203607559,-0.0359448567032814,-0.10966227203607559,1.1786351203918457,-0.10966227203607559,1.317835807800293,-0.028676090762019157,116.5
175,-0.109673872590065,-0.035981435328722,-0.10959909111261368,1.1787971258163452,-0.10966428369283676,1.3157662153244019,-0.028424663469195366,0.7250000238418579,-1.871518873441903e-15,-3.2830880568546434e-15,-2.3790492628545366e-16,0.01084743533283472,-7.216449660063518e-16,0.010244800709187984,-0.0015887657646089792,-0.0,0.3652690649032593,-0.15768060088157654,-0.08107556402683258,-0.07646335661411285,-0.9970656037330627,0.0036792776081711054,-0.995607316493988,0.07615051418542862,-0.05447201430797577,-0.9561864137649536,-0.19817359745502472,-0.7311384677886963,-0.06808264553546906,-1.093912124633789,0.18965061008930206,-0.020328013226389885,0.0940040647983551,-0.10966227203607559,-0.0359448567032814,-0.10966227203607559,1.1767545938491821,-0.10966227203607559,1.321455717086792,-0.029034502804279327,116.5
176,-0.109673872590065,-0.035981435328722,-0.10959909111261368,1.1788374185562134,-0.10966428369283676,1.317079782485962,-0.028549300506711006,0.7250000238418579,-1.871518873441903e-15,-3.2830880568546434e-15,-2.3790492628545366e-16,0.0037801668513566256,-7.216449660063518e-16,0.022817963734269142,-0.0023831487633287907,-0.0,0.3602611720561981,-0.14874477684497833,-0.0854281559586525,-0.07948244363069534,-0.9968137741088867,0.006692234426736832,-0.9957347512245178,0.07907731086015701,-0.047529056668281555,-0.8564575910568237,-0.29722893238067627,-0.6614373326301575,-0.13998286426067352,-0.9811716079711914,0.3036348521709442,-0.03470391035079956,0.09334859997034073,-0.10966227203607559,-0.0359448567032814,-0.10966227203607559,1.1746379137039185,-0.10966227203607559,1.3261888027191162,-0.029590418562293053,116.5
177,-0.109673872590065,-0.035981435328722,-0.10959909111261368,1.1779457330703735,-0.10966428369283676,1.319758415222168,-0.02881774678826332,0.7250000238418579,-1.871518873441903e-15,-3.2830880568546434e-15,-2.3790492628545366e-16,-0.012737519107758999,-7.216449660063518e-16,0.05029265582561493,-0.004958045203238726,-0.0,0.3587592542171478,-0.13621005415916443,-0.08941616863012314,-0.10461413115262985,-0.9944714903831482,0.009074380621314049,-0.9936044216156006,0.10412430763244629,-0.04368429630994797,-0.6422159671783447,-0.4311840534210205,-0.5083257555961609,-0.20226459205150604,-0.7437145709991455,0.4160612225532532,-0.05114319548010826,0.09418944269418716,-0.10966227203607559,-0.0359448567032814,-0.10966227203607559,1.1718777418136597,-0.10966227203607559,1.3322402238845825,-0.030352041125297546,116.5
178,-0.109673872590065,-0.035981435328722,-0.10959909111261368,1.1760282516479492,-0.10966428369283676,1.3237314224243164,-0.029272187501192093,0.7250000238418579,-1.871518873441903e-15,-3.2830880568546434e-15,-2.3790492628545366e-16,-0.03676075488328934,-7.216449660063518e-16,0.08006832003593445,-0.008875174447894096,-0.0,0.3749185800552368,-0.11309147626161575,-0.08617352694272995,-0.17280691862106323,-0.9849205017089844,0.008330591954290867,-0.9839043021202087,0.17222559452056885,-0.04765143245458603,-0.1469365805387497,-0.5137907266616821,-0.1236800104379654,-0.1765332818031311,-0.2225005179643631,0.3626227080821991,-0.03775906190276146,0.08263029158115387,-0.10966227203607559,-0.0359448567032814,-0.10966227203607559,1.1707322597503662,-0.10966227203607559,1.334610104560852,-0.030404958873987198,116.5
179,-0.109673872590065,-0.035981435328722,-0.10959909111261368,1.1736928224563599,-0.10966428369283676,1.3286421298980713,-0.02986660599708557,0.7250000238418579,-1.871518873441903e-15,-3.2830880568546434e-15,-2.3790492628545366e-16,-0.049799591302871704,-7.216449660063518e-16,0.10343413054943085,-0.012381416745483875,-0.0,0.38634946942329407,-0.10904590040445328,-0.07926768064498901,-0.18440686166286469,-0.9828499555587769,0.00028117187321186066,-0.9812794923782349,0.18409602344036102,-0.05656133592128754,-0.04227076470851898,-0.45044922828674316,-0.025369595736265182,-0.03984066843986511,-0.135601207613945,0.1936567723751068,-0.01566842570900917,0.082396499812603,-0.10966227203607559,-0.0359448567032814,-0.10966227203607559,1.1724976301193237,-0.10966227203607559,1.3344517946243286,-0.030336659401655197,116.5
180,-0.109673872590065,-0.035981435328722,-0.10959909111261368,1.17194402217865,-0.10966428369283676,1.3323198556900024,-0.030204081907868385,0.7250000238418579,-1.871518873441903e-15,-3.2830880568546434e-15,-2.3790492628545366e-16,-0.04338974133133888,-7.216449660063518e-16,0.09135403484106064,-0.009395631961524487,-0.0,0.38580700755119324,-0.09666375070810318,-0.07826682180166245,-0.16792860627174377,-0.9857990741729736,0.00031838787253946066,-0.9841211438179016,0.16762392222881317,-0.058375824242830276,0.1346244215965271,-0.48768579959869385,0.12055465579032898,-0.0776078850030899,0.054965127259492874,0.21594694256782532,-0.0055744885466992855,0.07322346419095993,-0.1056351363658905,-0.0359448567032814,-0.1059824526309967,1.1696157455444336,-0.10801532864570618,1.3387982845306396,-0.03037131577730179,116.5
181,-0.10958950221538544,-0.035981435328722,-0.1095338985323906,1.1718538999557495,-0.10962402075529099,1.3338901996612549,-0.030326800420880318,0.7250000238418579,0.0012052706442773342,-3.2830880568546434e-15,0.0009313454502262175,-0.013668864965438843,0.0005752427969127893,0.04927913099527359,-0.004108876921236515,-0.0,0.3847792446613312,-0.09146005660295486,-0.07776278257369995,-0.16517587006092072,-0.9862630367279053,-0.001441881526261568,-0.9846916794776917,0.16499488055706024,-0.05620419234037399,0.18562151491641998,-0.4574066400527954,0.17073862254619598,-0.1350521743297577,0.11683686822652817,0.2141651213169098,0.004484735894948244,0.05804508179426193,-0.104020856320858,-0.0359448567032814,-0.10441174358129501,1.167802333831787,-0.10611891001462936,1.3403151035308838,-0.030192257836461067,116.5
182,-0.10772380232810974,-0.036019787192344666,-0.10786377638578415,1.1707552671432495,-0.10874773561954498,1.3366801738739014,-0.030367067083716393,0.7250000238418579,0.0278581865131855,-0.0005478502716869116,0.02479022555053234,-0.015312415547668934,0.013093621470034122,0.05073093622922897,-0.0013148406287655234,-0.0,0.38496163487434387,-0.0866585448384285,-0.07700157165527344,-0.1626485139131546,-0.9866780638694763,0.003435485763475299,-0.9852465987205505,0.1622226983308792,-0.05452457442879677,0.22811967134475708,-0.46304547786712646,0.18465398252010345,-0.11345039308071136,0.17363528907299042,0.2097764015197754,-0.00326911685988307,0.06297601759433746,-0.1008802130818367,-0.0359448567032814,-0.10232415795326233,1.1673517227172852,-0.10353867709636688,1.3429734706878662,-0.03046514093875885,116.5
183,-0.10512562096118927,-0.036019787192344666,-0.10542666167020798,1.1687917709350586,-0.10696639865636826,1.3392131328582764,-0.030367067083716393,0.7250000238418579,0.051744457334280014,-0.0001917476038215682,0.047964293509721756,-0.03823994845151901,0.032377950847148895,0.055031560361385345,-0.0001369625679217279,-0.0,0.385846346616745,-0.07918232679367065,-0.07574553042650223,-0.17186672985553741,-0.9851142168045044,-0.0034406629856675863,-0.9835641384124756,0.17179043591022491,-0.05558446794748306,0.3058708906173706,-0.48912543058395386,0.22570855915546417,-0.06493677198886871,0.25548288226127625,0.20133505761623383,-0.005565920379012823,0.07140085846185684,-0.09594949334859848,-0.0359448567032814,-0.09865540266036987,1.1668436527252197,-0.09930191189050674,1.3452532291412354,-0.03053404577076435,116.5
184,-0.10269234329462051,-0.036019787192344666,-0.10362999141216278,1.1680554151535034,-0.10497414320707321,1.3413703441619873,-0.030367067083716393,0.7250000238418579,0.05757906287908554,-3.2830880568546434e-15,0.046868592500686646,-0.026461169123649597,0.04492372274398804,0.051854029297828674,-1.0368690184808685e-15,-0.0,0.3858117461204529,-0.0749964788556099,-0.07595603168010712,-0.18030007183551788,-0.9836019277572632,-0.004374521318823099,-0.9821344614028931,0.18027116358280182,-0.053983572870492935,0.3230140209197998,-0.48243069648742676,0.24272556602954865,-0.07383301854133606,0.28025364875793457,0.20151598751544952,-0.0024340501986443996,0.0735296830534935,-0.09300192445516586,-0.0359448567032814,-0.09634822607040405,1.1658403873443604,-0.09656653553247452,1.347415804862976,-0.030440090224146843,116.5
185,-0.09889765828847885,-0.036019787192344666,-0.1008918359875679,1.1672980785369873,-0.10162622481584549,1.3436943292617798,-0.030397746711969376,0.7250000238418579,0.0762607604265213,-3.2830880568546434e-15,0.054949384182691574,-0.016627255827188492,0.06645423918962479,0.05259362608194351,-0.00043828022899106145,-0.0,0.38669055700302124,-0.07106555998325348,-0.07581637054681778,-0.19168376922607422,-0.9814296960830688,-0.007287469692528248,-0.9799327254295349,0.1917944699525833,-0.054283734411001205,0.3272181451320648,-0.4671529233455658,0.23933251202106476,-0.06413087248802185,0.29745522141456604,0.19019822776317596,-0.003721856977790594,0.08166863769292831,-0.08908111602067947,-0.0359448567032814,-0.09371186047792435,1.1653741598129272,-0.09270256757736206,1.349400281906128,-0.030509401112794876,116.5
186,-0.09477316588163376,-0.036019787192344666,-0.09769923985004425,1.1663795709609985,-0.09808848053216934,1.3461582660675049,-0.030443767085671425,0.7250000238418579,0.08447851240634918,-3.2830880568546434e-15,0.06439980119466782,-0.017887311056256294,0.07283669710159302,0.04958045110106468,-0.0009587379754520953,-0.0,0.386308491230011,-0.06355949491262436,-0.07697847485542297,-0.21152472496032715,-0.977308452129364,-0.011198804713785648,-0.975737452507019,0.21181948482990265,-0.05539797618985176,0.370562344789505,-0.4850156903266907,0.26952990889549255,-0.06372930109500885,0.344226211309433,0.20432159304618835,-0.005055473651736975,0.08389140665531158,-0.08365629613399506,-0.0359448567032814,-0.08961334079504013,1.164467692375183,-0.08776169270277023,1.3522878885269165,-0.030595431104302406,116.5
187,-0.09139074385166168,-0.036019787192344666,-0.09530047327280045,1.1657295227050781,-0.09472715109586716,1.3482080698013306,-0.030466776341199875,0.7250000238418579,0.0771099254488945,-3.2830880568546434e-15,0.05651075765490532,-0.015860265120863914,0.07286408543586731,0.046786412596702576,-0.0006300278473645449,-0.0,0.3865513801574707,-0.059936702251434326,-0.07722253352403641,-0.2206321805715561,-0.9752961993217468,-0.010898302309215069,-0.9737989902496338,0.22089730203151703,-0.054035574197769165,0.3724426031112671,-0.4817507863044739,0.2799605429172516,-0.06248754262924194,0.3417525887489319,0.19758643209934235,-0.0005515529774129391,0.08402516692876816,-0.08021746575832367,-0.0359448567032814,-0.08690165728330612,1.1638548374176025,-0.084474578499794,1.3541356325149536,-0.030483324080705643,116.5
188,-0.08702656626701355,-0.036019787192344666,-0.0921308845281601,1.165035367012024,-0.09066593647003174,1.3505972623825073,-0.03050704300403595,0.7250000238418579,0.08905306458473206,-3.2830880568546434e-15,0.06376977264881134,-0.014737172983586788,0.08516332507133484,0.05023787170648575,-0.000739597890060395,-0.0,0.3894166052341461,-0.057391487061977386,-0.07590837776660919,-0.23175647854804993,-0.9727169275283813,-0.010519315488636494,-0.9711542725563049,0.2319808304309845,-0.05517448112368584,0.3616241216659546,-0.4512888193130493,0.26678547263145447,-0.021657779812812805,0.33413779735565186,0.15150246024131775,-0.0004153451882302761,0.09163331240415573,-0.07617784291505814,-0.0359448567032814,-0.08412732183933258,1.1643856763839722,-0.08064180612564087,1.35514235496521,-0.030519502237439156,116.5
189,-0.08272566646337509,-0.036019787192344666,-0.08879256248474121,1.16432785987854,-0.08687891811132431,1.3527121543884277,-0.030531970784068108,0.7250000238418579,0.09787344932556152,-3.2830880568546434e-15,0.07437067478895187,-0.015778088942170143,0.08702601492404938,0.04944348707795143,-0.0007122053648345172,-0.0,0.39240482449531555,-0.053374603390693665,-0.07376169413328171,-0.23757004737854004,-0.9712671041488647,-0.014166791923344135,-0.9696134328842163,0.23799191415309906,-0.056653913110494614,0.3690967857837677,-0.42196202278137207,0.26938483119010925,0.021289795637130737,0.3408001959323883,0.09978023171424866,0.00032420689240098,0.09447218477725983,-0.07165276259183884,-0.0359448567032814,-0.0807110145688057,1.1649665832519531,-0.07665491104125977,1.3557056188583374,-0.030522244051098824,116.5
190,-0.0788312703371048,-0.036019787192344666,-0.08600647002458572,1.164245367050171,-0.08310724049806595,1.3541560173034668,-0.030543474480509758,0.7250000238418579,0.08929959684610367,-3.2830880568546434e-15,0.06582421064376831,-0.006464633159339428,0.08338281512260437,0.03684293106198311,-0.00032871015719138086,-0.0,0.3920970559120178,-0.050990864634513855,-0.07366641610860825,-0.2349860668182373,-0.9719502329826355,-0.009707625955343246,-0.9703543186187744,0.23515751957893372,-0.05579834803938866,0.34222957491874695,-0.40345680713653564,0.2562156617641449,0.008242949843406677,0.312263548374176,0.09178134799003601,0.004135372582823038,0.09113136678934097,-0.06856438517570496,-0.0359448567032814,-0.07831999659538269,1.1644926071166992,-0.07373933494091034,1.3569095134735107,-0.03041941300034523,116.5
191,-0.07470102608203888,-0.036019787192344666,-0.08301520347595215,1.1643508672714233,-0.07930105179548264,1.3551032543182373,-0.030547309666872025,0.7250000238418579,0.08902566879987717,-3.2830880568546434e-15,0.06390673667192459,0.00147919578012079,0.08434154838323593,0.023968450725078583,-0.00010957005724776536,-0.0,0.3905792534351349,-0.04617311805486679,-0.07383847236633301,-0.23211610317230225,-0.9726002812385559,-0.013067466206848621,-0.9709691405296326,0.23248332738876343,-0.05630623549222946,0.3432275354862213,-0.40301159024238586,0.25849011540412903,-0.018881991505622864,0.31791794300079346,0.10890254378318787,0.005050736013799906,0.08920502662658691,-0.0644042044878006,-0.0359448567032814,-0.07526049762964249,1.163784384727478,-0.06976351141929626,1.358370304107666,-0.030395787209272385,116.5
192,-0.07080280035734177,-0.036019787192344666,-0.08001819252967834,1.1643873453140259,-0.07586877048015594,1.3561809062957764,-0.030547309666872025,0.7250000238418579,0.08943656086921692,-3.2830880568546434e-15,0.06722123175859451,0.0018079059664160013,0.079082190990448,0.02251664735376835,-2.739251431194134e-05,-0.0,0.38956063985824585,-0.04345426335930824,-0.07420054823160172,-0.23144356906414032,-0.9727776050567627,-0.011730331927537918,-0.9712293744087219,0.231736958026886,-0.05487730726599693,0.3245084583759308,-0.409761518239975,0.23896969854831696,-0.025201573967933655,0.3009715676307678,0.12273719906806946,-0.001046729739755392,0.08953055739402771,-0.061067551374435425,-0.0359448567032814,-0.0728491023182869,1.1636313199996948,-0.06683962792158127,1.359863042831421,-0.03057871200144291,116.5
193,-0.06672241538763046,-0.036019787192344666,-0.07701733708381653,1.164276123046875,-0.07178646326065063,1.3576363325119019,-0.030547309666872025,0.7250000238418579,0.08242407441139221,-3.2830880568546434e-15,0.06146880239248276,-0.0015613733557984233,0.07990396022796631,0.028022542595863342,-1.0368690184808685e-15,-0.0,0.3881271779537201,-0.04007177799940109,-0.0749075710773468,-0.2347802072763443,-0.9720023274421692,-0.009469804354012012,-0.9705277681350708,0.23494651913642883,-0.05362797528505325,0.3115840554237366,-0.42793571949005127,0.2302139550447464,-0.03407976031303406,0.2861776053905487,0.14645907282829285,-0.0035441345535218716,0.09271010011434555,-0.05737489461898804,-0.0359448567032814,-0.07011091709136963,1.1632537841796875,-0.06320113688707352,1.3620301485061646,-0.030653635039925575,116.5
194,-0.06310796737670898,-0.036019787192344666,-0.07436547428369522,1.164013385772705,-0.06854785233736038,1.359105110168457,-0.030547309666872025,0.7250000238418579,0.08015049248933792,-3.2830880568546434e-15,0.05861997976899147,-0.005231969989836216,0.07532941550016403,0.03172053024172783,-1.0368690184808685e-15,-0.0,0.3881404399871826,-0.03471345454454422,-0.07441288232803345,-0.2401467114686966,-0.9706465601921082,-0.013220097869634628,-0.9689751863479614,0.2405087649822235,-0.05694369599223137,0.33764883875846863,-0.4376634955406189,0.2548391819000244,-0.030521541833877563,0.31011027097702026,0.14773476123809814,-0.002072447445243597,0.0937708392739296,-0.052978500723838806,-0.0359448567032814,-0.06672029942274094,1.1630977392196655,-0.0592445433139801,1.3635371923446655,-0.030609482899308205,116.5
195,-0.059581730514764786,-0.036019787192344666,-0.07169442623853683,1.1636106967926025,-0.06526896357536316,1.3608499765396118,-0.030547309666872025,0.7250000238418579,0.07949307560920715,-3.2830880568546434e-15,0.05960610881447792,-0.008080791682004929,0.07201492041349411,0.03681553900241852,-1.0368690184808685e-15,-0.0,0.38506051898002625,-0.030489157885313034,-0.07593235373497009,-0.23933976888656616,-0.9708898067474365,-0.009455124847590923,-0.9693838953971863,0.23949626088142395,-0.054188042879104614,0.34000808000564575,-0.47448277473449707,0.2514568567276001,-0.05144426226615906,0.31621086597442627,0.19533132016658783,-0.010447675362229347,0.09609486907720566,-0.04938148707151413,-0.0359448567032814,-0.06415072083473206,1.1620674133300781,-0.05578263849020004,1.3667099475860596,-0.030860740691423416,116.5
196,-0.05578896403312683,-0.036019787192344666,-0.06887190043926239,1.1632866859436035,-0.061633430421352386,1.3625373840332031,-0.03055306151509285,0.7250000238418579,0.08179404586553574,-3.2830880568546434e-15,0.06133183836936951,-0.007806866429746151,0.07836998254060745,0.03813038021326065,-8.217753929784521e-05,-0.0,0.38603290915489197,-0.027657682076096535,-0.07517365366220474,-0.24246886372566223,-0.9701284766197205,-0.007717602886259556,-0.9685661196708679,0.24251873791217804,-0.05535651370882988,0.32978731393814087,-0.45928704738616943,0.24255342781543732,-0.03271450102329254,0.3061653971672058,0.1737755835056305,-0.009898560121655464,0.09993193298578262,-0.04589534550905228,-0.0359448567032814,-0.06159529834985733,1.162305235862732,-0.052448466420173645,1.367750644683838,-0.030850017443299294,116.5
197,-0.05196935310959816,-0.036019787192344666,-0.06600143760442734,1.1626691818237305,-0.058065008372068405,1.3649342060089111,-0.030710294842720032,0.7250000238418579,0.08521810919046402,-3.2830880568546434e-15,0.06379716843366623,-0.011422678828239441,0.08012310415506363,0.047936901450157166,-0.002328363712877035,-0.0,0.38457030057907104,-0.021469134837388992,-0.07503844797611237,-0.24703942239284515,-0.9689386487007141,-0.011374695226550102,-0.9673280715942383,0.24728518724441528,-0.05591433867812157,0.36239558458328247,-0.4849780797958374,0.2655375003814697,-0.033638909459114075,0.34260910749435425,0.1955110728740692,-0.013207679614424706,0.1044844314455986,-0.0410974845290184,-0.0359448567032814,-0.058035314083099365,1.1616599559783936,-0.047786734998226166,1.3707995414733887,-0.031106524169445038,116.5
198,-0.0482436940073967,-0.036019787192344666,-0.06331314146518707,1.1623508930206299,-0.054665323346853256,1.3667519092559814,-0.030798498541116714,0.7250000238418579,0.08371151983737946,-3.2830880568546434e-15,0.061194878071546555,-0.009861305356025696,0.07669904083013535,0.04552635923027992,-0.002821428934112191,-0.0,0.38279956579208374,-0.018046893179416656,-0.07544738054275513,-0.24293041229248047,-0.9699621796607971,-0.012575017288327217,-0.9683339595794678,0.24325118958950043,-0.05619751289486885,0.3544068932533264,-0.49456584453582764,0.2587726414203644,-0.04523634910583496,0.33691251277923584,0.21183346211910248,-0.015842294320464134,0.10476554185152054,-0.03761149197816849,-0.0359448567032814,-0.05554996430873871,1.1609938144683838,-0.044557951390743256,1.3731069564819336,-0.03127376735210419,116.5
199,-0.04363216459751129,-0.036019787192344666,-0.059936463832855225,1.1619348526000977,-0.0501573383808136,1.3694287538528442,-0.03097298927605152,0.7250000238418579,0.08929959684610367,-3.2830880568546434e-15,0.06513939797878265,-0.0073138014413416386,0.08614945411682129,0.04947087913751602,-0.00295839156024158,-0.0,0.381324827671051,-0.014973033219575882,-0.07556339353322983,-0.23735955357551575,-0.9713528752326965,-0.011576298624277115,-0.9697427153587341,0.23763282597064972,-0.05594407021999359,0.329079806804657,-0.4956865906715393,0.23162351548671722,-0.04216650128364563,0.31790468096733093,0.21919909119606018,-0.021997632458806038,0.11078008264303207,-0.033759765326976776,-0.0359448567032814,-0.05298776179552078,1.1606698036193848,-0.04062020033597946,1.376004695892334,-0.0316329188644886,116.5
200,-0.03985090181231499,-0.036010198295116425,-0.05717338249087334,1.1613634824752808,-0.046684786677360535,1.3717067241668701,-0.031132139265537262,0.7250000238418579,0.08782040327787399,0.0001369625679217279,0.0641806572675705,-0.011778781190514565,0.08253364264965057,0.05229230970144272,-0.0036432044580578804,-0.0,0.3791898190975189,-0.010132711380720139,-0.07463448494672775,-0.22814029455184937,-0.9735585451126099,-0.011648767627775669,-0.9717413783073425,0.22842636704444885,-0.059498950839042664,0.34207117557525635,-0.5139461159706116,0.23971833288669586,-0.04498222470283508,0.33257901668548584,0.23478999733924866,-0.024267787113785744,0.11196688562631607,-0.029588768258690834,-0.0359448567032814,-0.04998183250427246,1.160014033317566,-0.03670741617679596,1.3787504434585571,-0.031860172748565674,116.5
201,-0.03583570942282677,-0.036010198295116425,-0.05447165668010712,1.1609032154083252,-0.04263891279697418,1.3745790719985962,-0.03143318369984627,0.7250000238418579,0.0807805210351944,2.739251431194134e-05,0.05536027252674103,-0.009970875456929207,0.0793561115860939,0.05555201694369316,-0.005368932615965605,-0.0,0.37750744819641113,-0.008279440924525261,-0.0739893838763237,-0.22289186716079712,-0.9747833013534546,-0.010805214755237103,-0.9728520512580872,0.22313101589679718,-0.06141200289130211,0.30731773376464844,-0.5161440968513489,0.21635645627975464,-0.046990081667900085,0.2961577773094177,0.239523246884346,-0.025782151147723198,0.11371100693941116,-0.026616176590323448,-0.0359448567032814,-0.04798096418380737,1.1594935655593872,-0.03375417739152908,1.3817647695541382,-0.03220664709806442,116.5
202,-0.031766824424266815,-0.03600827977061272,-0.051587775349617004,1.1603548526763916,-0.03866398707032204,1.3773747682571411,-0.03170163184404373,0.7250000238418579,0.0807531327009201,2.739251431194134e-05,0.05640118569135666,-0.010518725030124187,0.07998614013195038,0.05648336559534073,-0.005642857868224382,-0.0,0.3702680170536041,-0.005809986963868141,-0.07370541989803314,-0.19985833764076233,-0.9797949194908142,-0.007653591688722372,-0.9777851700782776,0.19993996620178223,-0.06292985379695892,0.267269104719162,-0.5634093880653381,0.17123836278915405,-0.09101743996143341,0.2661832571029663,0.31766775250434875,-0.040636878460645676,0.1161208525300026,-0.023748749867081642,-0.0359448567032814,-0.046450622379779816,1.157624363899231,-0.030678490176796913,1.3869048357009888,-0.03292074054479599,116.5
203,-0.028290441259741783,-0.03600827977061272,-0.04915066063404083,1.1597470045089722,-0.03530456870794296,1.3804121017456055,-0.03206019848585129,0.7250000238418579,0.0731654018163681,2.739251431194134e-05,0.05138835683465004,-0.01183356624096632,0.07042615115642548,0.05941436439752579,-0.00668377336114645,-0.0,0.3702680170536041,-0.005809986963868141,-0.07370541989803314,-0.19985833764076233,-0.9797949194908142,-0.007653591688722372,-0.9777851700782776,0.19993996620178223,-0.06292985379695892,0.21626850962638855,-0.5538292527198792,0.13525590300559998,-0.06892332434654236,0.20694240927696228,0.2971448600292206,-0.04325707256793976,0.11662780493497849,-0.0218023844063282,-0.0359448567032814,-0.04509298503398895,1.1576793193817139,-0.029096296057105064,1.3893264532089233,-0.03335791081190109,116.5
204,-0.02591085247695446,-0.03600827977061272,-0.04772406071424484,1.1587307453155518,-0.032827187329530716,1.3837753534317017,-0.0325012169778347,0.7250000238418579,0.06250971555709839,-3.2830880568546434e-15,0.04021221026778221,-0.020078713074326515,0.06324931234121323,0.07472677528858185,-0.009559987112879753,-0.0,0.3702680170536041,-0.005809986963868141,-0.07370541989803314,-0.19985833764076233,-0.9797949194908142,-0.007653591688722372,-0.9777851700782776,0.19993996620178223,-0.06292985379695892,0.18524159491062164,-0.5607637763023376,0.118594691157341,-0.03830721974372864,0.16489757597446442,0.28173112869262695,-0.04333322122693062,0.12048403173685074,-0.02035360410809517,-0.0359448567032814,-0.04416622221469879,1.1575815677642822,-0.027880260720849037,1.392227292060852,-0.03380121290683746,116.5
205,-0.023498667404055595,-0.03599102422595024,-0.04619007930159569,1.1580040454864502,-0.030612504109740257,1.3871654272079468,-0.03301318362355232,0.7250000238418579,0.05546984076499939,0.0002465326397214085,0.03415846452116966,-0.019969142973423004,0.05338801071047783,0.07941089570522308,-0.011422678828239441,-0.0,0.3702680170536041,-0.005809986963868141,-0.07370541989803314,-0.19985833764076233,-0.9797949194908142,-0.007653591688722372,-0.9777851700782776,0.19993996620178223,-0.06292985379695892,0.14898228645324707,-0.5528780221939087,0.09631480276584625,-0.016144901514053345,0.12089473754167557,0.2597309648990631,-0.044254086911678314,0.12046005576848984,-0.019029200077056885,-0.0359448567032814,-0.04330063611268997,1.1575196981430054,-0.026985660195350647,1.3949573040008545,-0.03434080630540848,116.5
206,-0.021422041580080986,-0.03599102422595024,-0.044868938624858856,1.1577719449996948,-0.028838839381933212,1.390538215637207,-0.03350597620010376,0.7250000238418579,0.04451283439993858,0.00016435507859569043,0.028515607118606567,-0.006875521037727594,0.038431696593761444,0.06878260523080826,-0.010244800709187984,-0.0,0.32976070046424866,-0.01884707622230053,-0.07658294588327408,-0.018257638439536095,-0.9998119473457336,0.006530891638249159,-0.9972628951072693,0.01774223893880844,-0.07177642732858658,-0.22714698314666748,-0.7876457571983337,-0.2588045597076416,-0.3133913278579712,-0.21272316575050354,0.7179061770439148,-0.12832404673099518,0.1147446259856224,-0.028236450627446175,-0.0359448567032814,-0.052633076906204224,1.1483701467514038,-0.03522053360939026,1.412075400352478,-0.0373556986451149,116.5
207,-0.02016226015985012,-0.03599102422595024,-0.04418439790606499,1.1572216749191284,-0.027991315349936485,1.3939341306686401,-0.034138742834329605,0.7250000238418579,0.02881692536175251,-3.2830880568546434e-15,0.016654647886753082,-0.008765604346990585,0.021420946344733238,0.06733079999685287,-0.011806173250079155,-0.0,0.3282682001590729,-0.023979302495718002,-0.07464638352394104,-0.006083549931645393,-0.9999640583992004,0.005907767917960882,-0.9973872303962708,0.005642381031066179,-0.07201987504959106,-0.3411995470523834,-0.7656026482582092,-0.3377947509288788,-0.28571993112564087,-0.3452991247177124,0.6874060034751892,-0.12857650220394135,0.11038834601640701,-0.03039824590086937,-0.0359448567032814,-0.05431824177503586,1.148650050163269,-0.038350291550159454,1.4145562648773193,-0.03799603879451752,116.5
208,-0.02432701736688614,-0.03599102422595024,-0.04873456805944443,1.151751160621643,-0.03231905773282051,1.4019050598144531,-0.03622303903102875,0.7250000238418579,-0.05522330850362778,-3.2830880568546434e-15,-0.06385195255279541,-0.08445112407207489,-0.06048266962170601,0.13635993003845215,-0.034514568746089935,-0.0,0.3261938989162445,-0.026819445192813873,-0.07436060905456543,0.0016864024801179767,-0.9999614953994751,0.008607783354818821,-0.9973095059394836,-0.002312642987817526,-0.07326960563659668,-0.24844589829444885,-0.9256464838981628,-0.213995099067688,-0.2180027812719345,-0.3069828152656555,0.7199735641479492,-0.10629474371671677,0.11049682646989822,-0.031780391931533813,-0.0359448567032814,-0.05515442043542862,1.145211100578308,-0.04152854159474373,1.4235042333602905,-0.03941188007593155,116.5
209,-0.02888677641749382,-0.03581269830465317,-0.053012456744909286,1.1492469310760498,-0.03634575754404068,1.407385230064392,-0.037459809333086014,0.7250000238418579,-0.09685993194580078,0.0025475039146840572,-0.09384675323963165,-0.07198752462863922,-0.08735472708940506,0.12679994106292725,-0.030460475012660027,-0.0,0.31473472714424133,-0.03328433632850647,-0.07669038325548172,0.03448045626282692,-0.9993396997451782,0.011458593420684338,-0.9966498017311096,-0.03523394837975502,-0.07380841672420502,-0.30341193079948425,-0.9889817833900452,-0.2365058809518814,-0.2988964915275574,-0.3687666058540344,0.8156269192695618,-0.11066269874572754,0.09890498220920563,-0.03798913583159447,-0.0359448567032814,-0.06010763347148895,1.14028000831604,-0.047408755868673325,1.431854009628296,-0.04077968746423721,116.5
210,-0.030708378180861473,-0.035998694598674774,-0.054324012249708176,1.14699387550354,-0.039580538868904114,1.4134271144866943,-0.03862755373120308,0.7250000238418579,-0.05560680478811264,-0.0021914010867476463,-0.04508807882666588,-0.04232143238186836,-0.0734667256474495,0.12197886407375336,-0.024434123188257217,-0.0,0.31225720047950745,-0.03758575767278671,-0.07617358863353729,0.05003496631979942,-0.9986991882324219,0.00981962215155363,-0.995987594127655,-0.05062470957636833,-0.07379607111215591,-0.36177146434783936,-0.9463176131248474,-0.3123611509799957,-0.26376134157180786,-0.40151917934417725,0.7807437777519226,-0.13198520243167877,0.10224400460720062,-0.04156152158975601,-0.0359448567032814,-0.06369484961032867,1.1390810012817383,-0.051626116037368774,1.4368494749069214,-0.04258710891008377,116.5
211,-0.0344838872551918,-0.03597185015678406,-0.05733061581850052,1.1429383754730225,-0.04422466456890106,1.4193636178970337,-0.039921849966049194,0.7250000238418579,-0.06609813868999481,-0.0005204577464610338,-0.05127878487110138,-0.0796300396323204,-0.09239494800567627,0.13474377989768982,-0.028022542595863342,-0.0,0.30021315813064575,-0.0459941066801548,-0.07878909260034561,0.08137548714876175,-0.99656081199646,0.015637042000889778,-0.9938555955886841,-0.08231563121080399,-0.07399440556764603,-0.4439769387245178,-1.0514941215515137,-0.39127597212791443,-0.25665438175201416,-0.49356240034103394,0.8787431120872498,-0.14810752868652344,0.10886942595243454,-0.04780319333076477,-0.0359448567032814,-0.06906889379024506,1.135238766670227,-0.05903153494000435,1.445725917816162,-0.04436507821083069,116.5
212,-0.03956136479973793,-0.03597185015678406,-0.06192872300744057,1.140280842781067,-0.04941335693001747,1.4259347915649414,-0.04171469062566757,0.7250000238418579,-0.10083184391260147,5.478502862388268e-05,-0.08888870477676392,-0.06316713988780975,-0.10505028814077377,0.13104578852653503,-0.0340488962829113,-0.0,0.2990657687187195,-0.052513930946588516,-0.07728780806064606,0.09988626092672348,-0.9948468804359436,0.0173907782882452,-0.9921477437019348,-0.10090702772140503,-0.07389574497938156,-0.469290554523468,-1.0201853513717651,-0.3734193742275238,-0.2420252412557602,-0.532417893409729,0.8230264782905579,-0.12382453680038452,0.10154956579208374,-0.053640082478523254,-0.0359448567032814,-0.07313130795955658,1.133020043373108,-0.06538589298725128,1.4506255388259888,-0.045429427176713943,116.5
213,-0.04423617199063301,-0.03597185015678406,-0.0658787190914154,1.137279987335205,-0.055213719606399536,1.4315319061279297,-0.0433119460940361,0.7250000238418579,-0.10222886502742767,-3.2830880568546434e-15,-0.08913524448871613,-0.06026352941989899,-0.12033531069755554,0.1266629844903946,-0.03615811839699745,-0.0,0.29140228033065796,-0.05743448808789253,-0.07966824620962143,0.11671613901853561,-0.9929386973381042,0.021214580163359642,-0.9903591871261597,-0.11796439439058304,-0.07261597365140915,-0.4818127155303955,-1.0666102170944214,-0.38750025629997253,-0.2628301978111267,-0.5380579829216003,0.8740618824958801,-0.13150757551193237,0.09912151843309402,-0.05869055539369583,-0.0359448567032814,-0.07750372588634491,1.1293951272964478,-0.07135546207427979,1.4577537775039673,-0.04725717380642891,116.5
214,-0.05041619762778282,-0.03597952052950859,-0.07074719667434692,1.134344220161438,-0.06183284893631935,1.4383102655410767,-0.04478840529918671,0.7250000238418579,-0.11841783672571182,-0.00010957005724776536,-0.09469591826200485,-0.06185229495167732,-0.13266193866729736,0.1325797736644745,-0.0309535413980484,-0.0,0.28407394886016846,-0.07074935734272003,-0.0798419788479805,0.15117134153842926,-0.9882583618164062,0.022196069359779358,-0.9859793782234192,-0.15235158801078796,-0.06807125359773636,-0.6226149797439575,-1.0577847957611084,-0.48780035972595215,-0.2201024740934372,-0.6945862174034119,0.8615353107452393,-0.13087433576583862,0.10383854061365128,-0.06909464299678802,-0.0359448567032814,-0.08538120985031128,1.1277410984039307,-0.0826704353094101,1.4641562700271606,-0.048714637756347656,116.5
215,-0.05539396405220032,-0.03598335385322571,-0.0748678520321846,1.1315581798553467,-0.06714425981044769,1.4435468912124634,-0.04617857560515404,0.7250000238418579,-0.12595078349113464,-0.00016435507859569043,-0.10198233276605606,-0.06423544883728027,-0.13271673023700714,0.1334015429019928,-0.032460130751132965,-0.0,0.28484466671943665,-0.0757078155875206,-0.07889752835035324,0.15308991074562073,-0.9879785776138306,0.021489890292286873,-0.9856209754943848,-0.1542261689901352,-0.06903331726789474,-0.6116719841957092,-1.03444504737854,-0.4681154191493988,-0.16410869359970093,-0.6918306946754456,0.7955312132835388,-0.11714377999305725,0.10410567373037338,-0.07374411821365356,-0.0359448567032814,-0.08891131728887558,1.126634955406189,-0.08789917826652527,1.4674128293991089,-0.04969288781285286,116.5
216,-0.061497289687395096,-0.03598335385322571,-0.08075066655874252,1.1292744874954224,-0.07335112988948822,1.4498361349105835,-0.04769337922334671,0.7250000238418579,-0.13153885304927826,-3.2830880568546434e-15,-0.1210201308131218,-0.05834605544805527,-0.13627775013446808,0.136743426322937,-0.03426803648471832,-0.0,0.28803420066833496,-0.08208660781383514,-0.07799342274665833,0.14231157302856445,-0.9896244406700134,0.019769815728068352,-0.9872481822967529,-0.14335261285305023,-0.06921705603599548,-0.6010161638259888,-0.9850676655769348,-0.4356001317501068,-0.09894727170467377,-0.691909670829773,0.6953338384628296,-0.09690441936254501,0.10467662662267685,-0.07952777296304703,-0.0359448567032814,-0.09381867200136185,1.1263060569763184,-0.09410841763019562,1.4706960916519165,-0.05060051381587982,116.5
217,-0.06754692643880844,-0.03598335385322571,-0.08595085889101028,1.1277270317077637,-0.07927420735359192,1.4556423425674438,-0.04890330880880356,0.7250000238418579,-0.13575729727745056,-3.2830880568546434e-15,-0.12238975614309311,-0.03807559609413147,-0.13400417566299438,0.1331276148557663,-0.029036065563559532,-0.0,0.2846321165561676,-0.08307459205389023,-0.08095836639404297,0.1373514086008072,-0.990387499332428,0.016347123309969902,-0.9881415963172913,-0.13814617693424225,-0.06702065467834473,-0.5195620656013489,-1.0076324939727783,-0.3664132058620453,-0.13350503146648407,-0.5982009172439575,0.7146379947662354,-0.0982111394405365,0.09911801666021347,-0.08313378691673279,-0.0359448567032814,-0.09694325923919678,1.1237218379974365,-0.09722023457288742,1.477081537246704,-0.051849644631147385,116.5
218,-0.0731612965464592,-0.03598335385322571,-0.09043775498867035,1.1267856359481812,-0.0851934552192688,1.4616056680679321,-0.0499272383749485,0.7250000238418579,-0.12795042991638184,-3.2830880568546434e-15,-0.10387241095304489,-0.025173719972372055,-0.13123753666877747,0.1308540403842926,-0.02380409464240074,-0.0,0.2891651690006256,-0.08711602538824081,-0.07964283972978592,0.12996897101402283,-0.991367757320404,0.01726396754384041,-0.9890588521957397,-0.13085252046585083,-0.06811915338039398,-0.47360238432884216,-0.9430870413780212,-0.32959654927253723,-0.061313822865486145,-0.5534852743148804,0.6007024049758911,-0.09120546281337738,0.09465982019901276,-0.08736936748027802,-0.0359448567032814,-0.10032565146684647,1.1249462366104126,-0.10179801285266876,1.4796267747879028,-0.052663400769233704,116.5
219,-0.07901342958211899,-0.03598335385322571,-0.09433598071336746,1.1251345872879028,-0.09113571792840958,1.4675287008285522,-0.051075808703899384,0.7250000238418579,-0.1271834373474121,-3.2830880568546434e-15,-0.08998440951108932,-0.030542653053998947,-0.13159364461898804,0.13214148581027985,-0.024406729266047478,-0.0,0.29567134380340576,-0.09298015385866165,-0.0798693373799324,0.10486333817243576,-0.9944061040878296,0.012656208127737045,-0.9920414090156555,-0.10548892617225647,-0.06874503940343857,-0.445300817489624,-0.8803386092185974,-0.30309173464775085,0.0513807088136673,-0.5399554967880249,0.46432337164878845,-0.07781842350959778,0.09343799203634262,-0.09237245470285416,-0.0359448567032814,-0.10342873632907867,1.1266759634017944,-0.10733438283205032,1.4814584255218506,-0.0534103587269783,116.5
220,-0.0847332626581192,-0.03598335385322571,-0.09843554347753525,1.1248412132263184,-0.09764362871646881,1.474021315574646,-0.05214384198188782,0.7250000238418579,-0.12000660598278046,-3.2830880568546434e-15,-0.0835745632648468,-0.014654994942247868,-0.13096360862255096,0.13044315576553345,-0.02259882353246212,-0.0,0.30109861493110657,-0.09542125463485718,-0.0795845165848732,0.08795931935310364,-0.9960445165634155,0.01258714497089386,-0.9937417507171631,-0.08861535042524338,-0.06800470501184464,-0.3692787289619446,-0.8220080733299255,-0.23652954399585724,0.10695157945156097,-0.46157634258270264,0.35616806149482727,-0.06657968461513519,0.08657992631196976,-0.0958116203546524,-0.0359448567032814,-0.10553143173456192,1.1280497312545776,-0.10966227203607559,1.4847064018249512,-0.05414123088121414,116.5
221,-0.08869285136461258,-0.03598335385322571,-0.10101455450057983,1.1255775690078735,-0.10252360254526138,1.4780728816986084,-0.052828382700681686,0.7250000238418579,-0.1032971739768982,-3.2830880568546434e-15,-0.07042615115642548,0.010600903071463108,-0.1249372586607933,0.11266540735960007,-0.01848994754254818,-0.0,0.30584582686424255,-0.0985897034406662,-0.07941737771034241,0.07770593464374542,-0.9968950748443604,0.012727927416563034,-0.994710385799408,-0.07838325202465057,-0.0663871318101883,-0.34319934248924255,-0.7416265606880188,-0.21517932415008545,0.14114971458911896,-0.42697417736053467,0.258186399936676,-0.05808025225996971,0.0795060247182846,-0.09898883104324341,-0.0359448567032814,-0.10746993124485016,1.1298120021820068,-0.10966227203607559,1.4858185052871704,-0.05457079038023949,116.5
222,-0.0934232622385025,-0.03598335385322571,-0.10399814695119858,1.127102017402649,-0.10719265788793564,1.4823508262634277,-0.05364522710442543,0.7250000238418579,-0.09527116268873215,-3.2830880568546434e-15,-0.06042788550257683,0.028433429077267647,-0.10077705979347229,0.08866956830024719,-0.01643550768494606,-0.0,0.31597501039505005,-0.10449543595314026,-0.07905331254005432,0.051375310868024826,-0.9986582398414612,0.006506277248263359,-0.9964052438735962,-0.051696643233299255,-0.06711169332265854,-0.3343094289302826,-0.6041092276573181,-0.19681279361248016,0.23199202120304108,-0.42670050263404846,0.07866328954696655,-0.030783509835600853,0.07427577674388885,-0.10345254838466644,-0.0359448567032814,-0.10966227203607559,1.1340618133544922,-0.10966227203607559,1.484710693359375,-0.054568734019994736,116.5
223,-0.09684021025896072,-0.03598335385322571,-0.10613612830638885,1.1288756132125854,-0.10872472077608109,1.4843679666519165,-0.05415910854935646,0.7250000238418579,-0.08236929029226303,-3.2830880568546434e-15,-0.05133357271552086,0.03725381940603256,-0.05215534567832947,0.05749688670039177,-0.013011444360017776,-0.0,0.32163575291633606,-0.10738019645214081,-0.07832063734531403,0.036883190274238586,-0.9992838501930237,0.008447783999145031,-0.9973073601722717,-0.03734379634261131,-0.06311411410570145,-0.3199685513973236,-0.506878674030304,-0.18445487320423126,0.2734723687171936,-0.41413694620132446,-0.02502003125846386,-0.006494907196611166,0.07511365413665771,-0.1064392700791359,-0.0359448567032814,-0.10966227203607559,1.1370798349380493,-0.10966227203607559,1.4836174249649048,-0.054353952407836914,116.5
224,-0.10054285079240799,-0.03598335385322571,-0.10801142454147339,1.1318323612213135,-0.10922902077436447,1.4846652746200562,-0.05438537150621414,0.7250000238418579,-0.07864391058683395,-3.2830880568546434e-15,-0.042732320725917816,0.05692164599895477,-0.016243761405348778,0.01753120869398117,-0.006957698613405228,-0.0,0.328866183757782,-0.110692597925663,-0.07681027799844742,0.017944827675819397,-0.9998174905776978,0.0065550594590604305,-0.9975148439407349,-0.01834949105978012,-0.06802551448345184,-0.3166453540325165,-0.38176411390304565,-0.17114196717739105,0.30564409494400024,-0.41973185539245605,-0.1506008505821228,0.01923218183219433,0.06758205592632294,-0.10966227203607559,-0.0359448567032814,-0.10966227203607559,1.1410017013549805,-0.10966227203607559,1.4801472425460815,-0.05380840599536896,116.5
225,-0.10425317287445068,-0.035985272377729416,-0.10916958004236221,1.1351284980773926,-0.1094667837023735,1.4840688705444336,-0.05440262705087662,0.7250000238418579,-0.0833006352186203,-2.739251431194134e-05,-0.031391821801662445,0.07272712141275406,-0.006574203260242939,-0.008053398691117764,-0.0016435508150607347,-0.0,0.3385470509529114,-0.11564360558986664,-0.07629922032356262,-0.0017494490602985024,-0.9999784827232361,0.0063182092271745205,-0.9978510141372681,0.001331814331933856,-0.06550968438386917,-0.3427259922027588,-0.2512422502040863,-0.17594215273857117,0.36638695001602173,-0.46851277351379395,-0.29701951146125793,0.038452908396720886,0.056811586022377014,-0.10966227203607559,-0.0359448567032814,-0.10966227203607559,1.1461200714111328,-0.10966227203607559,1.4751583337783813,-0.05324903875589371,116.5
226,-0.10761258751153946,-0.035985272377729416,-0.10942268371582031,1.1390957832336426,-0.10953965038061142,1.4813518524169922,-0.05418979004025459,0.7250000238418579,-0.07133010774850845,-2.739251431194134e-05,-0.009532595053315163,0.0774112418293953,-0.002246186137199402,-0.044841546565294266,0.0030405691359192133,-0.0,0.340514212846756,-0.11808440834283829,-0.07742231339216232,-0.009069351479411125,-0.999943196773529,0.005600036587566137,-0.9979204535484314,0.008693316951394081,-0.06386879831552505,-0.350477397441864,-0.20197917520999908,-0.1935904175043106,0.3513495922088623,-0.478162944316864,-0.3227219879627228,0.03903171420097351,0.04684174060821533,-0.10966227203607559,-0.0359448567032814,-0.10966227203607559,1.1496362686157227,-0.10966227203607559,1.471670150756836,-0.05301883816719055,116.5
227,-0.10880142450332642,-0.035985272377729416,-0.10952430963516235,1.1431646347045898,-0.10957033187150955,1.4778735637664795,-0.053741101175546646,0.7250000238418579,-0.04330756515264511,-3.2830880568546434e-15,-0.0021640085615217686,0.09381935745477676,-0.0007943828823044896,-0.0762881487607956,0.00931345485150814,-0.0,0.34794601798057556,-0.12469682097434998,-0.07710786908864975,-0.01462244801223278,-0.9998816251754761,0.004786211997270584,-0.9978286027908325,0.014284650795161724,-0.06429652124643326,-0.4637279808521271,-0.06497443467378616,-0.27662527561187744,0.39622700214385986,-0.6053613424301147,-0.4424702823162079,0.04890935868024826,0.039666131138801575,-0.10966227203607559,-0.0359448567032814,-0.10966227203607559,1.1550514698028564,-0.10966227203607559,1.4645994901657104,-0.05227382481098175,116.5
228,-0.10936899483203888,-0.035985272377729416,-0.10957608371973038,1.1476131677627563,-0.10958950221538544,1.4735265970230103,-0.05330199748277664,0.7250000238418579,-0.015312415547668934,-3.2830880568546434e-15,-0.001725728390738368,0.09310715645551682,-0.000493065279442817,-0.08784779161214828,0.009477810002863407,-0.0,0.3515430986881256,-0.12780745327472687,-0.0770539715886116,-0.014755654148757458,-0.9998781681060791,0.0050854734145104885,-0.9979068636894226,0.014405920170247555,-0.06304283440113068,-0.5163265466690063,-0.012371646240353584,-0.32288628816604614,0.39706486463546753,-0.6581459045410156,-0.471770316362381,0.05111903324723244,0.03961773216724396,-0.10966227203607559,-0.0359448567032814,-0.10966227203607559,1.1595251560211182,-0.10966227203607559,1.4593734741210938,-0.05176842212677002,116.5
229,-0.10950513929128647,-0.035985272377729416,-0.10957608371973038,1.1520578861236572,-0.10959333926439285,1.468174934387207,-0.05272100120782852,0.7250000238418579,-0.004574549850076437,-3.2830880568546434e-15,-5.478502862388268e-05,0.09480549395084381,-0.00010957005724776536,-0.10803607851266861,0.011395285837352276,-0.0,0.3554691672325134,-0.13041943311691284,-0.07685817778110504,-0.021398471668362617,-0.999765157699585,0.00342383049428463,-0.9977582097053528,0.021138066425919533,-0.0634959414601326,-0.5537562370300293,0.041562363505363464,-0.3535360097885132,0.38707029819488525,-0.6994361877441406,-0.5015349388122559,0.05683194100856781,0.03432823717594147,-0.10966227203607559,-0.03473840281367302,-0.10966227203607559,1.1636699438095093,-0.10966227203607559,1.4531289339065552,-0.05101604014635086,116.5
230,-0.1096259355545044,-0.035985272377729416,-0.10957799851894379,1.157089352607727,-0.10959717631340027,1.4622057676315308,-0.05208248272538185,0.7250000238418579,-0.002465326339006424,-3.2830880568546434e-15,-2.739251431194134e-05,0.1007496640086174,-8.217753929784521e-05,-0.12082838267087936,0.012984051369130611,-0.0,0.36463168263435364,-0.13561391830444336,-0.07561993598937988,-0.025103416293859482,-0.9996755719184875,0.0043132491409778595,-0.9977543354034424,0.0247866939753294,-0.06222478672862053,-0.6185778379440308,0.14791294932365417,-0.3940363824367523,0.42224252223968506,-0.7811543345451355,-0.5990849137306213,0.0715176984667778,0.028052477166056633,-0.10966227203607559,-0.03154788166284561,-0.10966227203607559,1.1697566509246826,-0.10966227203607559,1.4442331790924072,-0.04993695020675659,116.5
231,-0.10966812074184418,-0.035482894629240036,-0.10959525406360626,1.161219596862793,-0.10960101336240768,1.4566662311553955,-0.05145354941487312,0.7250000238418579,-0.0013422331539914012,0.00717683881521225,-0.0002739251358434558,0.09387414902448654,-8.217753929784521e-05,-0.12175972759723663,0.013504509814083576,-0.0,0.3670380115509033,-0.13715682923793793,-0.07596173137426376,-0.026669183745980263,-0.9996405243873596,0.0027470875065773726,-0.997757613658905,0.026449991390109062,-0.061482470482587814,-0.6308421492576599,0.16156741976737976,-0.4073828160762787,0.4139546751976013,-0.7996839880943298,-0.6002549529075623,0.07114607095718384,0.027441715821623802,-0.10966227203607559,-0.03063587285578251,-0.10966227203607559,1.1736382246017456,-0.10966227203607559,1.438658595085144,-0.04931917041540146,116.5
232,-0.109673872590065,-0.033444616943597794,-0.10959909111261368,1.166275978088379,-0.1096048429608345,1.450543761253357,-0.05056384205818176,0.7250000238418579,-0.00030131766106933355,0.03481588512659073,-0.0001917476038215682,0.10548856854438782,-8.217753929784521e-05,-0.13211409747600555,0.017914704978466034,-0.0,0.3758336305618286,-0.14096464216709137,-0.07373593002557755,-0.030963772907853127,-0.9995090961456299,0.004775471985340118,-0.9975559711456299,0.030603159219026566,-0.06281284987926483,-0.6526128053665161,0.258760005235672,-0.41798219084739685,0.4613034129142761,-0.843727707862854,-0.7093163132667542,0.07566192746162415,0.020951056852936745,-0.10966227203607559,-0.025681817904114723,-0.10966227203607559,1.1801151037216187,-0.10966227203607559,1.4292643070220947,-0.048293985426425934,116.5
233,-0.10967579483985901,-0.031619179993867874,-0.10960101336240768,1.1707724332809448,-0.10960676521062851,1.444670557975769,-0.049785345792770386,0.7250000238418579,-5.478502862388268e-05,0.04412934184074402,-5.478502862388268e-05,0.1052694320678711,-5.478502862388268e-05,-0.1330728381872177,0.01838037744164467,-0.0,0.3779025077819824,-0.14113296568393707,-0.07405903935432434,-0.037697937339544296,-0.9992755055427551,0.0052268365398049355,-0.997366189956665,0.03730053827166557,-0.06220412254333496,-0.6444293260574341,0.26251208782196045,-0.4150027334690094,0.43941473960876465,-0.8379935622215271,-0.6992270350456238,0.07229173928499222,0.019094640389084816,-0.10966227203607559,-0.02374381758272648,-0.10966227203607559,1.1839548349380493,-0.10966227203607559,1.4236937761306763,-0.04761659353971481,116.5
234,-0.10967770963907242,-0.02834029495716095,-0.1096029281616211,1.1763849258422852,-0.10960676521062851,1.438689947128296,-0.048930153250694275,0.7250000238418579,-2.739251431194134e-05,0.061085306107997894,-5.478502862388268e-05,0.11551423370838165,-2.739251431194134e-05,-0.1317032128572464,0.018270807340741158,-0.0,0.3801421821117401,-0.14118944108486176,-0.07370421290397644,-0.03788076713681221,-0.9992724061012268,0.004442191682755947,-0.9973729252815247,0.037533339112997055,-0.061955709010362625,-0.6343421339988708,0.27434074878692627,-0.408806174993515,0.4151955246925354,-0.8302807211875916,-0.6964978575706482,0.06594248116016388,0.016172589734196663,-0.10966227203607559,-0.020110072568058968,-0.10966227203607559,1.1888407468795776,-0.10966227203607559,1.4177950620651245,-0.04695187509059906,116.5
235,-0.10967770963907242,-0.025464080274105072,-0.1096029281616211,1.1809465885162354,-0.10960868000984192,1.4327783584594727,-0.04813823476433754,0.7250000238418579,-1.871518873441903e-15,0.06938523799180984,-2.0618427032971916e-16,0.11055618524551392,-2.739251431194134e-05,-0.13211409747600555,0.018188629299402237,-0.0,0.37802064418792725,-0.13846996426582336,-0.07551723718643188,-0.030070781707763672,-0.9995118975639343,0.008466718718409538,-0.9978082180023193,0.029517846181988716,-0.05922400578856468,-0.5988277792930603,0.22781892120838165,-0.3914290964603424,0.3579261302947998,-0.7892671227455139,-0.6277682781219482,0.055694498121738434,0.014764947816729546,-0.10966227203607559,-0.018629511818289757,-0.10966227203607559,1.191684365272522,-0.10966227203607559,1.4139453172683716,-0.04646740108728409,116.5
236,-0.10967962443828583,-0.022085487842559814,-0.10962209850549698,1.1862215995788574,-0.10960868000984192,1.4261821508407593,-0.047380831092596054,0.7250000238418579,-2.739251431194134e-05,0.06571464240550995,-0.0002739251358434558,0.1032697781920433,-2.739251431194134e-05,-0.13175798952579498,0.015723302960395813,-0.0,0.3750597834587097,-0.12973755598068237,-0.08003183454275131,-0.03934458643198013,-0.9991472959518433,0.012517430819571018,-0.9976900219917297,0.03858678787946701,-0.055907536298036575,-0.4661337733268738,0.12051602452993393,-0.3025436997413635,0.24130767583847046,-0.6315126419067383,-0.49034276604652405,0.043346140533685684,0.011379564180970192,-0.10966227203607559,-0.018470006063580513,-0.10966227203607559,1.1934608221054077,-0.10966227203607559,1.4114718437194824,-0.04608044773340225,116.5
237,-0.10967962443828583,-0.01998968794941902,-0.10962209850549698,1.1894237995147705,-0.10961059480905533,1.4206196069717407,-0.04683626815676689,0.7250000238418579,-1.871518873441903e-15,0.05434674769639969,-0.00010957005724776536,0.08343759924173355,-2.739251431194134e-05,-0.12644384801387787,0.012984051369130611,-0.0,0.38095760345458984,-0.12057586759328842,-0.07992446422576904,-0.07475566118955612,-0.9971789121627808,0.006767998915165663,-0.9957823157310486,0.07428552210330963,-0.05384392663836479,-0.27744314074516296,0.06101243197917938,-0.15955442190170288,0.20254763960838318,-0.4272865653038025,-0.45201972126960754,0.04972584918141365,0.008853018283843994,-0.10966227203607559,-0.01815931685268879,-0.10966227203607559,1.1955002546310425,-0.10966227203607559,1.4070590734481812,-0.04534449428319931,116.5
238,-0.10967962443828583,-0.018956167623400688,-0.10962209850549698,1.1921581029891968,-0.10961059480905533,1.4145604372024536,-0.0463549830019474,0.7250000238418579,-1.871518873441903e-15,0.026296813040971756,-2.0618427032971916e-16,0.057140786200761795,-2.739251431194134e-05,-0.12132144719362259,0.010107837617397308,-0.0,0.38455140590667725,-0.1049565002322197,-0.08060640096664429,-0.09407185018062592,-0.9955376982688904,0.00742906192317605,-0.9941880702972412,0.09354669600725174,-0.053283266723155975,0.006283523514866829,-0.0579800009727478,0.05724358931183815,0.10019701719284058,-0.10499990731477737,-0.33016353845596313,0.06459905207157135,0.008934328332543373,-0.10949111729860306,-0.02069556713104248,-0.10790479183197021,1.1951639652252197,-0.10966227203607559,1.4046555757522583,-0.04441700875759125,116.5
239,-0.10967962443828583,-0.018515147268772125,-0.10962018370628357,1.194265365600586,-0.10961059480905533,1.4096190929412842,-0.04567427933216095,0.7250000238418579,-1.871518873441903e-15,0.010655688121914864,2.739251431194134e-05,0.044759366661310196,-6.661338147750939e-16,-0.1044202670454979,0.012518378905951977,-0.0,0.3817111849784851,-0.09589874744415283,-0.08266492933034897,-0.09386856853961945,-0.9955759644508362,0.004137933719903231,-0.994327187538147,0.09354037791490555,-0.05063263699412346,0.1331157237291336,-0.16486456990242004,0.15138846635818481,0.0027065128087997437,0.046412695199251175,-0.18873432278633118,0.0619538240134716,0.012735338881611824,-0.10568615049123764,-0.023461082950234413,-0.10507853329181671,1.19434654712677,-0.10821821540594101,1.4039570093154907,-0.04381566494703293,116.5
240,-0.10963168740272522,-0.019345415756106377,-0.10883977264165878,1.1947678327560425,-0.10961059480905533,1.4066680669784546,-0.044939883053302765,0.7250000238418579,0.0006848128396086395,-0.009587380103766918,0.011176145635545254,0.020955273881554604,-6.661338147750939e-16,-0.07524723559617996,0.015613732859492302,-0.0,0.380456805229187,-0.08017221093177795,-0.08240306377410889,-0.08726123720407486,-0.9961652755737305,0.0063401623629033566,-0.994928777217865,0.08682980388402939,-0.05076754093170166,0.31773263216018677,-0.2738737463951111,0.296401709318161,-0.05164012312889099,0.2429618090391159,-0.07786184549331665,0.06556762754917145,0.013092698529362679,-0.10009971261024475,-0.027561627328395844,-0.0999477207660675,1.1932185888290405,-0.10232174396514893,1.404332160949707,-0.042972855269908905,116.5
241,-0.10770654678344727,-0.021537089720368385,-0.10673055052757263,1.1947294473648071,-0.10882826894521713,1.4051244258880615,-0.04427068680524826,0.7250000238418579,0.028186896815896034,-0.04073266685009003,0.038541268557310104,0.001369625679217279,0.011176145635545254,-0.04330756515264511,0.015421985648572445,-0.0,0.3784404993057251,-0.07106560468673706,-0.08306983858346939,-0.08692564815282822,-0.9961952567100525,0.006235447246581316,-0.9950007796287537,0.086509108543396,-0.04989543557167053,0.39185449481010437,-0.35857251286506653,0.33095356822013855,-0.09092901647090912,0.3463180661201477,0.03270154073834419,0.054710108786821365,0.02295518107712269,-0.0959509089589119,-0.03229426592588425,-0.09680194407701492,1.1920015811920166,-0.09843873232603073,1.4061055183410645,-0.04262938350439072,116.5
242,-0.10350535064935684,-0.02503073215484619,-0.10286108404397964,1.1940582990646362,-0.10519848763942719,1.4046872854232788,-0.04352862387895584,0.7250000238418579,0.07952047139406204,-0.06930305808782578,0.07423371076583862,-0.010162622667849064,0.061277054250240326,-0.01649029366672039,0.015887659043073654,-0.0,0.3772607445716858,-0.06204797327518463,-0.08323144912719727,-0.09525715559720993,-0.9954338073730469,0.00613323412835598,-0.9942051768302917,0.09482761472463608,-0.05063312128186226,0.4443216919898987,-0.40830734372138977,0.33418580889701843,-0.11996357142925262,0.4446714520454407,0.12350112199783325,0.04349645599722862,0.04546122997999191,-0.09017570316791534,-0.0359448567032814,-0.09283550828695297,1.1904593706130981,-0.09185834974050522,1.408392310142517,-0.0422237291932106,116.5
243,-0.09818052500486374,-0.029626920819282532,-0.09854484349489212,1.1927697658538818,-0.10040096193552017,1.405527114868164,-0.04293612390756607,0.7250000238418579,0.10535161197185516,-0.08957351744174957,0.08817650377750397,-0.023968450725078583,0.09450417011976242,0.01082004327327013,0.013121014460921288,-0.0,0.3766668438911438,-0.04739949107170105,-0.08134874701499939,-0.08926393836736679,-0.996006965637207,0.0014224679907783866,-0.9946218132972717,0.08906429260969162,-0.05286760628223419,0.5410557985305786,-0.4481767416000366,0.4007319509983063,-0.13714827597141266,0.5628466606140137,0.17745041847229004,0.047645021229982376,0.058123551309108734,-0.08194885402917862,-0.0359448567032814,-0.08652288466691971,1.1886553764343262,-0.08351556211709976,1.4108506441116333,-0.041506774723529816,116.5
244,-0.0930781215429306,-0.03353090211749077,-0.09489588439464569,1.1913546323776245,-0.09478659182786942,1.4073008298873901,-0.04246634244918823,0.7250000238418579,0.1111588254570961,-0.08883392065763474,0.08250625431537628,-0.030076980590820312,0.11628121882677078,0.03418585658073425,0.010655688121914864,-0.0,0.3745674192905426,-0.04010065272450447,-0.08122534304857254,-0.08715739101171494,-0.9961932897567749,0.0015701177762821317,-0.9948477745056152,0.08695752173662186,-0.05211779475212097,0.5589903593063354,-0.4735020697116852,0.41193005442619324,-0.15062113106250763,0.5873667597770691,0.21587444841861725,0.04546822980046272,0.0698290467262268,-0.07630841434001923,-0.0359448567032814,-0.08253797888755798,1.1868360042572021,-0.07716558873653412,1.4137771129608154,-0.041102297604084015,116.5
245,-0.08693452924489975,-0.03519143536686897,-0.0900811031460762,1.1898092031478882,-0.08873119950294495,1.4094407558441162,-0.04190835356712341,0.7250000238418579,0.12885437905788422,-0.05355236679315567,0.09776388108730316,-0.03369279205799103,0.13247020542621613,0.045635927468538284,0.011723996140062809,-0.0,0.3735129237174988,-0.028669582679867744,-0.07897528260946274,-0.08357380330562592,-0.996498703956604,0.0023954170756042004,-0.9950551986694336,0.08332278579473495,-0.0540592223405838,0.6239886283874512,-0.47515732049942017,0.45033279061317444,-0.1074037104845047,0.6448788642883301,0.18985435366630554,0.03260093554854393,0.07821241766214371,-0.06821487098932266,-0.0359448567032814,-0.07657112181186676,1.1865870952606201,-0.06938483566045761,1.4151363372802734,-0.04093032702803612,116.5
246,-0.0809520035982132,-0.03555192053318024,-0.08529125154018402,1.1879512071609497,-0.08283112943172455,1.4119832515716553,-0.041450079530477524,0.7250000238418579,0.1361955851316452,-0.014819350093603134,0.10855653136968613,-0.03928086534142494,0.13299065828323364,0.053935859352350235,0.011011790484189987,-0.0,0.3702300488948822,-0.02219371870160103,-0.07990749925374985,-0.07913555949926376,-0.9968636631965637,0.0005736374878324568,-0.9954864978790283,0.0789959654211998,-0.05259566381573677,0.6353386640548706,-0.49983930587768555,0.44179508090019226,-0.07184536010026932,0.644740879535675,0.19013771414756775,0.010362030938267708,0.08502007275819778,-0.06189184635877609,-0.0359448567032814,-0.07203739881515503,1.1857959032058716,-0.0634889081120491,1.4176874160766602,-0.04113921895623207,116.5
247,-0.07529928535223007,-0.03573983535170555,-0.08034416288137436,1.187136173248291,-0.07693105190992355,1.4139295816421509,-0.04117204248905182,0.7250000238418579,0.12737518548965454,-0.004547157324850559,0.10830999910831451,-0.025940710678696632,0.1308266520500183,0.047936901450157166,0.007395979017019272,-0.0,0.3713131844997406,-0.017887728288769722,-0.0781446248292923,-0.07917861640453339,-0.9968586564064026,0.0018855659291148186,-0.995425820350647,0.07896307855844498,-0.05377991870045662,0.6221023201942444,-0.46665361523628235,0.4357140064239502,-0.05678316205739975,0.6287908554077148,0.1510973572731018,0.010921703651547432,0.08415369689464569,-0.05663621425628662,-0.0359448567032814,-0.06727274507284164,1.1854326725006104,-0.05806732922792435,1.4184625148773193,-0.0408443883061409,116.5
248,-0.0692649856209755,-0.035837627947330475,-0.07532995939254761,1.1864362955093384,-0.07093510776758194,1.416090488433838,-0.04113369435071945,0.7250000238418579,0.1311279684305191,-0.0029309990350157022,0.11124099791049957,-0.015065882354974747,0.132552370429039,0.045718107372522354,0.0024927188642323017,-0.0,0.3667815029621124,-0.006526981480419636,-0.07949034869670868,-0.08198005706071854,-0.9966331720352173,0.001262324396520853,-0.9952438473701477,0.08179876953363419,-0.0529024675488472,0.6675555109977722,-0.49926406145095825,0.47039595246315,-0.10092665255069733,0.6848149299621582,0.20893937349319458,0.006025916431099176,0.0827900767326355,-0.04923831671476364,-0.0359448567032814,-0.061218082904815674,1.183408498764038,-0.050390660762786865,1.4223586320877075,-0.04095291718840599,116.5
249,-0.0633668303489685,-0.03585296496748924,-0.07034644484519958,1.1857709884643555,-0.06499284505844116,1.4176744222640991,-0.041005223989486694,0.7250000238418579,0.1330728381872177,-0.0006300278473645449,0.11129578202962875,-0.015339807607233524,0.13260716199874878,0.03980132192373276,0.001972261117771268,-0.0,0.36868178844451904,-0.0028840734157711267,-0.07769372314214706,-0.08705449104309082,-0.9961961507797241,0.003835013136267662,-0.9946571588516235,0.0867043063044548,-0.05603068321943283,0.651378870010376,-0.47159379720687866,0.4552246332168579,-0.07543329149484634,0.6705406904220581,0.17087559401988983,0.007264519575983286,0.08648046106100082,-0.04382546246051788,-0.0359448567032814,-0.056689709424972534,1.183508038520813,-0.04487662762403488,1.4228006601333618,-0.040787287056446075,116.5
250,-0.057643163949251175,-0.03596034646034241,-0.06506954878568649,1.1845016479492188,-0.05905634164810181,1.4202821254730225,-0.040945783257484436,0.7250000238418579,0.12781347334384918,-0.001725728390738368,0.11439114063978195,-0.023393206298351288,0.1317306011915207,0.04974480718374252,0.0020818309858441353,-0.0,0.36639153957366943,0.0021501255687326193,-0.07837853580713272,-0.0867161825299263,-0.9962330460548401,0.00019412073015701026,-0.9946494102478027,0.08656734973192215,-0.05637900531291962,0.6457158327102661,-0.49886220693588257,0.4426599144935608,-0.06957641988992691,0.667412519454956,0.1952890008687973,-0.0009234822355210781,0.091535784304142,-0.03827168792486191,-0.0359448567032814,-0.05178975313901901,1.1824144124984741,-0.03903396427631378,1.4261407852172852,-0.0409734845161438,116.5
251,-0.05101253092288971,-0.03596034646034241,-0.05944175645709038,1.1836789846420288,-0.052487071603536606,1.4221900701522827,-0.04088633880019188,0.7250000238418579,0.13110056519508362,-0.0003834952076431364,0.11447331309318542,-0.02065395563840866,0.13162103295326233,0.04432108625769615,0.001123093068599701,-0.0,0.3637670874595642,0.009336643852293491,-0.07788855582475662,-0.08526740968227386,-0.9963574409484863,0.0011621431913226843,-0.994658887386322,0.08505384624004364,-0.058476563543081284,0.6504625082015991,-0.5074118971824646,0.440023273229599,-0.08531080186367035,0.68226158618927,0.21623244881629944,-0.005193465854972601,0.0929923951625824,-0.031498655676841736,-0.0359448567032814,-0.04624105989933014,1.181119680404663,-0.032019227743148804,1.4286770820617676,-0.04104214161634445,116.5
252,-0.045793160796165466,-0.035985272377729416,-0.05505840480327606,1.182996392250061,-0.047162238508462906,1.4244296550750732,-0.04088442400097847,0.7250000238418579,0.1319771260023117,-0.0003561026824172586,0.11080271750688553,-0.01536720059812069,0.1322510540485382,0.047690365463495255,0.0005204577464610338,-0.0,0.3617262542247772,0.012247833423316479,-0.07790154218673706,-0.08160625398159027,-0.9966644048690796,0.00065977982012555,-0.9949480891227722,0.08142685145139694,-0.05871893838047981,0.6208484172821045,-0.5134580135345459,0.41182926297187805,-0.09668157994747162,0.6621401309967041,0.23447054624557495,-0.011763522401452065,0.0977349653840065,-0.027167709544301033,-0.0359448567032814,-0.0427035316824913,1.180095911026001,-0.027298035100102425,1.4314637184143066,-0.04123733192682266,116.5
253,-0.039657238870859146,-0.035985272377729416,-0.04998284578323364,1.1818228960037231,-0.040936194360256195,1.426997184753418,-0.04088442400097847,0.7250000238418579,0.13383983075618744,-0.00030131766106933355,0.11140535771846771,-0.02355756238102913,0.13663385808467865,0.057414710521698,-1.0428166720782514e-15,-0.0,0.35892021656036377,0.01512045506387949,-0.07657473534345627,-0.06519842147827148,-0.9978583455085754,0.005275779869407415,-0.9960917830467224,0.06476548314094543,-0.060054972767829895,0.5826644897460938,-0.5329243540763855,0.367784708738327,-0.08984416723251343,0.6317312717437744,0.2559240758419037,-0.02202734537422657,0.10646563023328781,-0.022177303209900856,-0.0359448567032814,-0.038949303328990936,1.17912757396698,-0.02198425494134426,1.434674859046936,-0.04154524579644203,116.5
254,-0.03374374285340309,-0.035985272377729416,-0.045474860817193985,1.1808642148971558,-0.035039957612752914,1.4296892881393433,-0.040980298072099686,0.7250000238418579,0.133648082613945,-3.2553324812390145e-15,0.10483115166425705,-0.022982319816946983,0.13359329104423523,0.0588117279112339,-0.001369625679217279,-0.0,0.35607728362083435,0.01712348870933056,-0.07700175046920776,-0.05675286799669266,-0.9983705878257751,0.005936832167208195,-0.9967054128646851,0.05631110072135925,-0.05837227776646614,0.5309537649154663,-0.5463353991508484,0.3209700882434845,-0.10053429007530212,0.5865030288696289,0.2812053859233856,-0.03076452575623989,0.11164268106222153,-0.017815129831433296,-0.0359448567032814,-0.03584575653076172,1.177848219871521,-0.01744486577808857,1.438125491142273,-0.041903235018253326,116.5
255,-0.027972139418125153,-0.035985272377729416,-0.041632238775491714,1.1797846555709839,-0.029074687510728836,1.432692050933838,-0.04128517583012581,0.7250000238418579,0.12866264581680298,-3.2553324812390145e-15,0.08957351744174957,-0.023091889917850494,0.13175798952579498,0.06464633345603943,-0.005642857868224382,-0.0,0.35417720675468445,0.01872742362320423,-0.07701647281646729,-0.05559426546096802,-0.9984371662139893,0.00569806806743145,-0.9966875910758972,0.05515578016638756,-0.05976300686597824,0.4767835736274719,-0.5542041659355164,0.28131502866744995,-0.10275484621524811,0.533236563205719,0.2936808168888092,-0.03371252492070198,0.11801730841398239,-0.013668635860085487,-0.0359448567032814,-0.03319278359413147,1.1767020225524902,-0.013077592477202415,1.4415024518966675,-0.042296551167964935,116.5
256,-0.02153325453400612,-0.035985272377729416,-0.03786439821124077,1.1785210371017456,-0.022493910044431686,1.4363620281219482,-0.04166867211461067,0.7250000238418579,0.1283339262008667,-3.2553324812390145e-15,0.07732906937599182,-0.025009365752339363,0.13159364461898804,0.07182317227125168,-0.007478156127035618,-0.0,0.3514694273471832,0.021699702367186546,-0.07693490386009216,-0.05042937025427818,-0.9987101554870605,0.005901361349970102,-0.9969852566719055,0.04999163746833801,-0.0593394972383976,0.4319891333580017,-0.5676981210708618,0.24597786366939545,-0.10429118573665619,0.4913317561149597,0.3112374246120453,-0.03937384858727455,0.12562811374664307,-0.008573578670620918,-0.0359448567032814,-0.030485061928629875,1.1753922700881958,-0.007753955200314522,1.4456990957260132,-0.042849890887737274,116.5
257,-0.01643276959657669,-0.035985272377729416,-0.03480985760688782,1.17732834815979,-0.01661492884159088,1.4397273063659668,-0.042063672095537186,0.7250000238418579,0.11852740496397018,-3.2553324812390145e-15,0.07012483477592468,-0.026159850880503654,0.13107317686080933,0.07475417107343674,-0.008436894044280052,-0.0,0.3507554233074188,0.022685235366225243,-0.07663021236658096,-0.05361999198794365,-0.9985455274581909,0.005633790977299213,-0.9967222809791565,0.053178127855062485,-0.06096484512090683,0.3767364025115967,-0.5620810389518738,0.2073454111814499,-0.08718765527009964,0.42846423387527466,0.2996233403682709,-0.04163111001253128,0.13023854792118073,-0.005130676552653313,-0.0359448567032814,-0.02858949638903141,1.1747127771377563,-0.003761002793908119,1.4487160444259644,-0.04331260547041893,116.5
258,-0.012291020713746548,-0.035985272377729416,-0.032564494758844376,1.1762986183166504,-0.011842331849038601,1.4429314136505127,-0.04246825724840164,0.7250000238418579,0.10658427327871323,-3.2553324812390145e-15,0.06034570932388306,-0.026187242940068245,0.12364980578422546,0.0779590979218483,-0.009614772163331509,-0.0,0.3490507900714874,0.024173177778720856,-0.07704275101423264,-0.05233154445886612,-0.9986130595207214,0.005778142251074314,-0.996813952922821,0.051886752247810364,-0.06057747080922127,0.33847492933273315,-0.56845623254776,0.18436293303966522,-0.08470623940229416,0.38331010937690735,0.303739458322525,-0.044176217168569565,0.13173793256282806,-0.0021367715671658516,-0.0359448567032814,-0.027033606544137,1.1737574338912964,-0.0003430293872952461,1.4520436525344849,-0.04379354417324066,116.5
259,-0.007587452419102192,-0.03594308719038963,-0.02996056154370308,1.1752363443374634,-0.0064388844184577465,1.446795105934143,-0.04299364611506462,0.7250000238418579,0.09664078801870346,0.0006026353221386671,0.05259362608194351,-0.022324899211525917,0.11072054505348206,0.07812345027923584,-0.010436547920107841,-0.0,0.34815987944602966,0.026224832981824875,-0.0768970251083374,-0.05278624966740608,-0.9985820651054382,0.006884382572025061,-0.9967108964920044,0.05226032808423042,-0.061937496066093445,0.2982381284236908,-0.560244619846344,0.16162742674350739,-0.07326281070709229,0.3353555500507355,0.2880290150642395,-0.04654831066727638,0.13139264285564423,0.0013596909120678902,-0.0359448567032814,-0.025111740455031395,1.1730384826660156,0.003621781710535288,1.4554359912872314,-0.04439009726047516,116.5
260,-0.004068884067237377,-0.035941168665885925,-0.02806801348924637,1.1743351221084595,-0.002488883910700679,1.4501659870147705,-0.0434730164706707,0.7250000238418579,0.08288975059986115,0.00030131766106933355,0.04514286294579506,-0.020160891115665436,0.09351804107427597,0.07565812021493912,-0.010600903071463108,-0.0,0.3468973934650421,0.027652688324451447,-0.07751516997814178,-0.05387662723660469,-0.9985352158546448,0.00496641593053937,-0.9967231750488281,0.05347701162099838,-0.06068817898631096,0.2675139904022217,-0.5611108541488647,0.14667144417762756,-0.07070697098970413,0.2957405745983124,0.2834274470806122,-0.04868539795279503,0.12823903560638428,0.003956536762416363,-0.0359448567032814,-0.023667870089411736,1.1722139120101929,0.006383332423865795,1.458668828010559,-0.04493357986211777,116.5
261,-0.0009338107774965465,-0.03593733534216881,-0.026453498750925064,1.1735374927520752,0.0011926700826734304,1.4533873796463013,-0.04399840533733368,0.7250000238418579,0.07154924422502518,5.478502862388268e-05,0.03739078342914581,-0.01846255362033844,0.08308149874210358,0.07245320081710815,-0.01134050078690052,-0.0,0.34894853830337524,0.027136990800499916,-0.07626280188560486,-0.05578499659895897,-0.9984139204025269,0.007595853414386511,-0.9965155124664307,0.05520324036478996,-0.06252508610486984,0.2120385468006134,-0.5246695280075073,0.11639021337032318,-0.03173728287220001,0.22432222962379456,0.22537493705749512,-0.044291067868471146,0.12666146457195282,0.005427344236522913,-0.0359448567032814,-0.022961793467402458,1.172585368156433,0.007922334596514702,1.460148572921753,-0.045327138155698776,116.5
262,0.001988422591239214,-0.0359354168176651,-0.02480446919798851,1.1728146076202393,0.00429898127913475,1.4564764499664307,-0.04453146085143089,0.7250000238418579,0.06648163497447968,8.217753929784521e-05,0.03618551045656204,-0.01640811562538147,0.07308322936296463,0.06957698613405228,-0.011806173250079155,-0.0,0.3468380868434906,0.027996622025966644,-0.07713254541158676,-0.054129499942064285,-0.9985157251358032,0.006026743911206722,-0.9965938329696655,0.05364729091525078,-0.06263130158185959,0.17637601494789124,-0.5307216048240662,0.08952611684799194,-0.033401623368263245,0.18492625653743744,0.23289325833320618,-0.050062183290719986,0.12534762918949127,0.007279703859239817,-0.0359448567032814,-0.022118685767054558,1.1718125343322754,0.009846771135926247,1.4634631872177124,-0.04603332653641701,116.5
263,0.004118738230317831,-0.03590282052755356,-0.023650148883461952,1.1725634336471558,0.006482986267656088,1.458769679069519,-0.045006997883319855,0.7250000238418579,0.053031906485557556,0.000493065279442817,0.029556522145867348,-0.009258669801056385,0.054839812219142914,0.05670250579714775,-0.010984398424625397,-0.0,0.3476557731628418,0.026898546144366264,-0.07619959115982056,-0.04899454489350319,-0.998758852481842,0.008962304331362247,-0.9967958927154541,0.04832630977034569,-0.06373735517263412,0.11903411149978638,-0.496090829372406,0.05716292932629585,-0.018171459436416626,0.11350233107805252,0.1902049332857132,-0.04734447970986366,0.11749470978975296,0.0076897586695849895,-0.0359448567032814,-0.02193526178598404,1.17201828956604,0.00988805666565895,1.4644758701324463,-0.04642733186483383,116.5
264,0.005875146482139826,-0.03590282052755356,-0.02283330447971821,1.1722010374069214,0.008362112566828728,1.4614944458007812,-0.045601412653923035,0.7250000238418579,0.040760062634944916,0.00021914011449553072,0.019914356991648674,-0.006355063058435917,0.04303364083170891,0.05645596981048584,-0.012271846644580364,-0.0,0.3438880145549774,0.024871118366718292,-0.07602191716432571,-0.02186562679708004,-0.9997165203094482,0.009421082213521004,-0.9976182579994202,0.021201176568865776,-0.06563805043697357,0.04320023953914642,-0.5058647990226746,0.002270791679620743,-0.03227967768907547,0.030491847544908524,0.21090269088745117,-0.05358585715293884,0.11443672329187393,0.007171154487878084,-0.0359448567032814,-0.022765180096030235,1.1712327003479004,0.009276866912841797,1.467821478843689,-0.047208987176418304,116.5
265,0.006960437633097172,-0.03587022423744202,-0.022286823019385338,1.171968936920166,0.009228811599314213,1.4634349346160889,-0.04610954597592354,0.7250000238418579,0.02895388752222061,0.00046567272511310875,0.013997574336826801,-0.00668377336114645,0.02665291540324688,0.04949827119708061,-0.012052706442773342,-0.0,0.3398118019104004,0.024927636608481407,-0.07669512182474136,-0.020770404487848282,-0.9997479915618896,0.008517751470208168,-0.9974987506866455,0.020146438851952553,-0.06775166839361191,0.025120945647358894,-0.536124587059021,-0.010453473776578903,-0.06627139449119568,0.01029248908162117,0.2554042339324951,-0.05893188342452049,0.10907838493585587,0.0077140675857663155,-0.0359448567032814,-0.022600427269935608,1.169980764389038,0.009537587873637676,1.4710971117019653,-0.04787750169634819,116.5
266,0.007161772809922695,-0.03587022423744202,-0.022359687834978104,1.171575903892517,0.00930551066994667,1.4660676717758179,-0.0467691570520401,0.7250000238418579,0.01032697781920433,0.0002739251358434558,0.0026570737827569246,-0.006875521037727594,0.006464633159339428,0.05226491764187813,-0.01344972476363182,-0.0,0.3345027565956116,0.024488046765327454,-0.0775459036231041,-0.017169509083032608,-0.9998226165771484,0.007744824513792992,-0.997494101524353,0.016596775501966476,-0.0687754824757576,0.013554336503148079,-0.5859236121177673,-0.014741849154233932,-0.11174581944942474,-0.002972255926579237,0.32138389348983765,-0.06544994562864304,0.1041192039847374,0.007568403147161007,-0.0359448567032814,-0.022801943123340607,1.16822350025177,0.009216343984007835,1.4757091999053955,-0.04873265326023102,116.5
267,0.007366942707449198,-0.03587022423744202,-0.02240954153239727,1.1705615520477295,0.009364952333271503,1.4691816568374634,-0.04745177924633026,0.7250000238418579,0.003451456781476736,-3.2553324812390145e-15,-0.0018900834256783128,-0.01851733960211277,0.0008765604579821229,0.06664598733186722,-0.015120667405426502,-0.0,0.32910802960395813,0.02338143065571785,-0.07715839147567749,-0.0014196770498529077,-0.9999738931655884,0.007085402961820364,-0.9977957010269165,0.0009464294998906553,-0.06635372340679169,-0.00808115117251873,-0.6425051093101501,-0.03815562650561333,-0.12797674536705017,-0.02494097873568535,0.3823547959327698,-0.0761033371090889,0.10728234797716141,0.007124508265405893,-0.0359448567032814,-0.023554209619760513,1.166722297668457,0.00861672405153513,1.4806523323059082,-0.04973487928509712,116.5
268,0.007545268163084984,-0.03587022423744202,-0.022589784115552902,1.1690045595169067,0.009366869926452637,1.4735898971557617,-0.048324231058359146,0.7250000238418579,0.004191054496914148,-3.2553324812390145e-15,-0.0029309990350157022,-0.029337381944060326,0.0005204577464610338,0.08341020345687866,-0.016873788088560104,-0.0,0.3244175314903259,0.0242408886551857,-0.07815007865428925,0.0020904201082885265,-0.9999783635139465,0.00623326888307929,-0.9977871775627136,-0.0024999992456287146,-0.06644198298454285,0.008934082463383675,-0.6989928483963013,-0.032981615513563156,-0.13302750885486603,-0.002913664560765028,0.4330112040042877,-0.0849355012178421,0.1132187768816948,0.007813291624188423,-0.0359448567032814,-0.023579232394695282,1.1650137901306152,0.009279459714889526,1.4865802526474,-0.05087229609489441,116.5
269,0.007545268163084984,-0.03587022423744202,-0.023090245202183723,1.1675817966461182,0.009234564378857613,1.4779367446899414,-0.04918517544865608,0.7250000238418579,0.0009039529832080007,-3.2553324812390145e-15,-0.00879299733787775,-0.0320766344666481,-0.0018900834256783128,0.0951068103313446,-0.018681693822145462,-0.0,0.3198154866695404,0.024456556886434555,-0.07851087301969528,0.005896208807826042,-0.9999655485153198,0.005838890094310045,-0.9977306127548218,-0.006274477578699589,-0.06703896820545197,0.013920681551098824,-0.7422776222229004,-0.03073161467909813,-0.1479780524969101,0.006259728688746691,0.4774194657802582,-0.0909390076994896,0.11631401628255844,0.007962888106703758,-0.0359448567032814,-0.024012193083763123,1.163142442703247,0.009422354400157928,1.4922593832015991,-0.051913343369960785,116.5
270,0.007551020476967096,-0.03587022423744202,-0.023421969264745712,1.1660497188568115,0.009228811599314213,1.4831944704055786,-0.05019376799464226,0.7250000238418579,8.217753929784521e-05,-3.2553324812390145e-15,-0.009012137539684772,-0.03289841115474701,-0.0018079059664160013,0.1103096529841423,-0.021393554285168648,-0.0,0.3198154866695404,0.024456556886434555,-0.07851087301969528,0.005896208807826042,-0.9999655485153198,0.005838890094310045,-0.9977306127548218,-0.006274477578699589,-0.06703896820545197,0.019982637837529182,-0.7432360053062439,-0.023309003561735153,-0.1102232038974762,0.010050851851701736,0.4500466287136078,-0.0906851589679718,0.1205139234662056,0.008150501176714897,-0.0359448567032814,-0.0241212397813797,1.1627429723739624,0.00953033845871687,1.496695876121521,-0.052914321422576904,116.5
271,0.007715923245996237,-0.03587022423744202,-0.0237536933273077,1.164209008216858,0.009228811599314213,1.4890083074569702,-0.05131549388170242,0.7250000238418579,0.002437933813780546,-3.2553324812390145e-15,-0.007149446289986372,-0.03900694102048874,-6.542385605198874e-16,0.1261151283979416,-0.024214982986450195,-0.0,0.3198154866695404,0.024456556886434555,-0.07851087301969528,0.005896208807826042,-0.9999655485153198,0.005838890094310045,-0.9977306127548218,-0.006274477578699589,-0.06703896820545197,0.027321862056851387,-0.7474002242088318,-0.018219780176877975,-0.06147736310958862,0.01435578241944313,0.41902604699134827,-0.09094101190567017,0.12629947066307068,0.008535578846931458,-0.0359448567032814,-0.024300286546349525,1.1623647212982178,0.009659484960138798,1.5015790462493896,-0.0540437251329422,116.5
272,0.007932597771286964,-0.03587022423744202,-0.023943522945046425,1.1632962226867676,0.009259491227567196,1.4937578439712524,-0.052318330854177475,0.7250000238418579,0.004793690051883459,-3.2553324812390145e-15,-0.005341540090739727,-0.02766643837094307,0.00043828022899106145,0.11387068033218384,-0.023283636197447777,-0.0,0.3198154866695404,0.024456556886434555,-0.07851087301969528,0.005896208807826042,-0.9999655485153198,0.005838890094310045,-0.9977306127548218,-0.006274477578699589,-0.06703896820545197,0.022478582337498665,-0.7181732058525085,-0.018323015421628952,-0.0458100289106369,0.010692302137613297,0.37982091307640076,-0.08671045303344727,0.12346363812685013,0.008606955409049988,-0.0359448567032814,-0.02449321374297142,1.1619219779968262,0.009580261074006557,1.5051524639129639,-0.05491964519023895,116.5
273,0.008229807019233704,-0.03587022423744202,-0.02414293959736824,1.1627843379974365,0.009364952333271503,1.4984077215194702,-0.05334610119462013,0.7250000238418579,0.0059715681709349155,-3.2553324812390145e-15,-0.004108876921236515,-0.012901874259114265,0.0019448684761300683,0.10285889357328415,-0.022434469312429428,-0.0,0.3198154866695404,0.024456556886434555,-0.07851087301969528,0.005896208807826042,-0.9999655485153198,0.005838890094310045,-0.9977306127548218,-0.006274477578699589,-0.06703896820545197,0.014962287619709969,-0.6863306760787964,-0.019249405711889267,-0.03629961609840393,0.005435232538729906,0.3429882526397705,-0.08250192552804947,0.12046650797128677,0.008678676560521126,-0.0359448567032814,-0.02472042106091976,1.1616953611373901,0.009528008289635181,1.5086973905563354,-0.05582115799188614,116.5
274,0.008473326452076435,-0.03587022423744202,-0.024355780333280563,1.1622588634490967,0.00945315696299076,1.502921462059021,-0.05437961965799332,0.7250000238418579,0.005368932615965605,-3.2553324812390145e-15,-0.004382802173495293,-0.010600903071463108,0.0020270459353923798,0.09390153735876083,-0.021283984184265137,-0.0,0.3198154866695404,0.024456556886434555,-0.07851087301969528,0.005896208807826042,-0.9999655485153198,0.005838890094310045,-0.9977306127548218,-0.006274477578699589,-0.06703896820545197,0.015036853030323982,-0.6675637364387512,-0.016351860016584396,-0.017115816473960876,0.002984751481562853,0.3096124231815338,-0.07760044932365417,0.11856477707624435,0.008924431167542934,-0.0359448567032814,-0.024846335873007774,1.1617454290390015,0.00954269990324974,1.5122098922729492,-0.05670763552188873,116.5
275,0.008619054220616817,-0.03587022423744202,-0.02455328032374382,1.1619521379470825,0.009506845846772194,1.5064400434494019,-0.05524248257279396,0.7250000238418579,0.00372538180090487,-3.2553324812390145e-15,-0.004245839547365904,-0.007943829521536827,0.0013148406287655234,0.08130098134279251,-0.01955825462937355,-0.0,0.3198154866695404,0.024456556886434555,-0.07851087301969528,0.005896208807826042,-0.9999655485153198,0.005838890094310045,-0.9977306127548218,-0.006274477578699589,-0.06703896820545197,0.015539826825261116,-0.6484360098838806,-0.013232525438070297,-0.005017638206481934,0.0008042645640671253,0.2806266248226166,-0.07252083718776703,0.11527013033628464,0.009085250087082386,-0.0359448567032814,-0.024950256571173668,1.1618015766143799,0.009530974552035332,1.5148588418960571,-0.057418107986450195,116.5
276,0.00874752551317215,-0.03587022423744202,-0.024752696976065636,1.1618293523788452,0.00953944306820631,1.5098627805709839,-0.05608808994293213,0.7250000238418579,0.0029036065097898245,-3.2553324812390145e-15,-0.004464979749172926,-0.003944522235542536,0.0008491679327562451,0.07609640061855316,-0.018846049904823303,-0.0,0.3198154866695404,0.024456556886434555,-0.07851087301969528,0.005896208807826042,-0.9999655485153198,0.005838890094310045,-0.9977306127548218,-0.006274477578699589,-0.06703896820545197,0.01523556001484394,-0.6334856748580933,-0.010677870362997055,0.005774825811386108,-0.0005365866236388683,0.2572304904460907,-0.06928712129592896,0.11362301558256149,0.009204592555761337,-0.0359448567032814,-0.025073032826185226,1.1620025634765625,0.009523346088826656,1.5175796747207642,-0.05816670507192612,116.5
277,0.008908593095839024,-0.03587022423744202,-0.024852406233549118,1.161789059638977,0.009558618068695068,1.5128904581069946,-0.056914523243904114,0.7250000238418579,0.003341886680573225,-3.2553324812390145e-15,-0.0030131766106933355,-0.0013148406287655234,0.000493065279442817,0.0703713670372963,-0.01851733960211277,-0.0,0.3198154866695404,0.024456556886434555,-0.07851087301969528,0.005896208807826042,-0.9999655485153198,0.005838890094310045,-0.9977306127548218,-0.006274477578699589,-0.06703896820545197,0.014444442465901375,-0.6202325820922852,-0.010452400892972946,0.016448944807052612,-0.0020903158001601696,0.2363055944442749,-0.06680388748645782,0.11203142255544662,0.00934192631393671,-0.0359448567032814,-0.02516597881913185,1.1622825860977173,0.00949590839445591,1.5199795961380005,-0.05891864001750946,116.5
278,0.009075413458049297,-0.03587022423744202,-0.024950196966528893,1.161789059638977,0.009570122696459293,1.515691876411438,-0.057700686156749725,0.7250000238418579,0.003752774326130748,-3.2553324812390145e-15,-0.001972261117771268,-0.0001369625679217279,0.00032871015719138086,0.06341367214918137,-0.017777740955352783,-0.0,0.2505257725715637,-0.007194241508841515,-0.07749078422784805,0.08572594076395035,-0.9961999654769897,0.015385156497359276,-0.9940528273582458,-0.0865616425871849,-0.06607573479413986,-0.7248041033744812,-1.0798053741455078,-0.6784639358520508,-0.49713248014450073,-0.7017381191253662,1.123909831047058,-0.20918047428131104,0.1236904039978981,-0.012668709270656109,-0.0359448567032814,-0.04530411213636398,1.1468751430511475,-0.011482021771371365,1.5456918478012085,-0.06397610157728195,116.5
279,0.008431142196059227,-0.03587022423744202,-0.026089178398251534,1.1608898639678955,0.008475244045257568,1.519302487373352,-0.0588933564722538,0.7250000238418579,-0.008272538892924786,-3.2553324812390145e-15,-0.017065536230802536,-0.01284708920866251,-0.015613732859492302,0.06913870573043823,-0.021941402927041054,-0.0,0.2505257725715637,-0.007194241508841515,-0.07749078422784805,0.08572594076395035,-0.9961999654769897,0.015385156497359276,-0.9940528273582458,-0.0865616425871849,-0.06607573479413986,-0.6939836740493774,-1.100121021270752,-0.6459116339683533,-0.4823654294013977,-0.6773768663406372,1.115437626838684,-0.2026730179786682,0.12228573113679886,-0.01238836720585823,-0.0359448567032814,-0.045466527342796326,1.1464189291000366,-0.011846061795949936,1.5493024587631226,-0.06497354805469513,116.5
280,0.0011754127917811275,-0.035975683480501175,-0.03350597620010376,1.1531950235366821,0.0006596117164008319,1.5263147354125977,-0.061761900782585144,0.7250000238418579,-0.11378850042819977,-0.0015065883053466678,-0.12123926728963852,-0.12296499311923981,-0.12729300558567047,0.13079924881458282,-0.051990993320941925,-0.0,0.2391556203365326,-0.009090523235499859,-0.08270092308521271,0.09709621965885162,-0.9952247738838196,0.010000599548220634,-0.9933411478996277,-0.09752874076366425,-0.06133091077208519,-0.5245035886764526,-1.3911547660827637,-0.4660945236682892,-0.504336953163147,-0.5573029518127441,1.297910213470459,-0.1866534948348999,0.11465098708868027,-0.01455969549715519,-0.0359448567032814,-0.04748880863189697,1.1380648612976074,-0.016059476882219315,1.5563147068023682,-0.0673615038394928,116.5
281,-0.0052558016031980515,-0.0357513390481472,-0.039852820336818695,1.1483629941940308,-0.0045885201543569565,1.5318485498428345,-0.06380976736545563,0.7250000238418579,-0.15821915864944458,0.0025748962070792913,-0.15684953331947327,-0.1375925987958908,-0.14246846735477448,0.1378939151763916,-0.05308669060468674,-0.0,0.241361603140831,-0.0178682841360569,-0.08104735612869263,0.11001833528280258,-0.9937958717346191,0.016301559284329414,-0.9920011162757874,-0.11081128567457199,-0.06045308709144592,-0.5602993965148926,-1.3652888536453247,-0.45457524061203003,-0.4088098406791687,-0.6335319876670837,1.1941304206848145,-0.15923023223876953,0.11263533681631088,-0.022064782679080963,-0.0359448567032814,-0.05349007993936539,1.1360987424850464,-0.023594478145241737,1.561848521232605,-0.06858667731285095,116.5
282,-0.010179880075156689,-0.03599294275045395,-0.04389869421720505,1.1427658796310425,-0.010634321719408035,1.5378751754760742,-0.06586530059576035,0.7250000238418579,-0.11693864315748215,-0.0021640085615217686,-0.10351631045341492,-0.11099446564912796,-0.12458115071058273,0.12764911353588104,-0.044540226459503174,-0.0,0.23922477662563324,-0.021733785048127174,-0.08227570354938507,0.11765184998512268,-0.9929274320602417,0.01590857468545437,-0.9911013841629028,-0.11840967833995819,-0.06080395728349686,-0.5532619953155518,-1.3427298069000244,-0.47810786962509155,-0.36075615882873535,-0.6015841960906982,1.157352089881897,-0.17595718801021576,0.11678812652826309,-0.026777740567922592,-0.0359448567032814,-0.05824192985892296,1.1319432258605957,-0.02868184819817543,1.5678751468658447,-0.07114401459693909,116.5
283,-0.01654590107500553,-0.03582228720188141,-0.04959743469953537,1.138301968574524,-0.016586167737841606,1.5438193082809448,-0.06753350049257278,0.7250000238418579,-0.12877221405506134,0.0009587379754520953,-0.11151492595672607,-0.11167927831411362,-0.1342233121395111,0.13411374390125275,-0.03991089388728142,-0.0,0.24088335037231445,-0.0331801176071167,-0.08171116560697556,0.14985911548137665,-0.9884218573570251,0.023757288232445717,-0.9867691397666931,-0.15102598071098328,-0.0589732900261879,-0.6488115191459656,-1.2844222784042358,-0.5319250226020813,-0.24639149010181427,-0.722943902015686,1.0396174192428589,-0.16188915073871613,0.12065740674734116,-0.036010242998600006,-0.0359448567032814,-0.06555518507957458,1.1309102773666382,-0.038274481892585754,1.5738192796707153,-0.07239017635583878,116.5
284,-0.022595537826418877,-0.035985272377729416,-0.05524248257279396,1.1348408460617065,-0.02254760079085827,1.5497137308120728,-0.06967340409755707,0.7250000238418579,-0.14140015840530396,-0.0010683080181479454,-0.13019661605358124,-0.08091748505830765,-0.1325249820947647,0.13074447214603424,-0.04385541379451752,-0.0,0.23490694165229797,-0.03686270862817764,-0.08539265394210815,0.1574544608592987,-0.9872981309890747,0.021224500611424446,-0.9857262372970581,-0.15842823684215546,-0.05695788934826851,-0.632568895816803,-1.3075593709945679,-0.5001134872436523,-0.2946318984031677,-0.696069061756134,1.0777043104171753,-0.15584374964237213,0.11705831438302994,-0.041572604328393936,-0.0359448567032814,-0.0702458843588829,1.1260018348693848,-0.043429672718048096,1.5797137022018433,-0.07434871792793274,116.5
285,-0.028558887541294098,-0.03580694645643234,-0.061361148953437805,1.1318055391311646,-0.029051678255200386,1.556315541267395,-0.0715026780962944,0.7250000238418579,-0.12036270648241043,0.001835298491641879,-0.12049967050552368,-0.06505721807479858,-0.13016922771930695,0.13192234933376312,-0.03985610976815224,-0.0,0.23679889738559723,-0.04353627935051918,-0.08512850105762482,0.163726344704628,-0.9862627387046814,0.021897368133068085,-0.9846956133842468,-0.16472971439361572,-0.05690905824303627,-0.6405262351036072,-1.2539823055267334,-0.503219485282898,-0.21862320601940155,-0.7031189203262329,0.9807106852531433,-0.15170612931251526,0.12110082060098648,-0.047774672508239746,-0.0359448567032814,-0.07645773142576218,1.1252468824386597,-0.05014524608850479,1.585736870765686,-0.07605385780334473,116.5
286,-0.03493833169341087,-0.03596034646034241,-0.06726889312267303,1.1283559799194336,-0.035026535391807556,1.5622655153274536,-0.07331852614879608,0.7250000238418579,-0.1350998729467392,-0.0009039529832080007,-0.12959398329257965,-0.0703713670372963,-0.13203191757202148,0.13194973766803741,-0.038541268557310104,-0.0,0.24441392719745636,-0.057075098156929016,-0.08398675173521042,0.16295072436332703,-0.9863764047622681,0.02255288138985634,-0.9847370982170105,-0.16401174664497375,-0.05824942886829376,-0.7516551613807678,-1.134822964668274,-0.5584512948989868,-0.05394834280014038,-0.8508815169334412,0.7818378210067749,-0.11858008801937103,0.12668775022029877,-0.057487986981868744,-0.0359448567032814,-0.08402243256568909,1.1267374753952026,-0.06055298075079918,1.5857206583023071,-0.07687592506408691,116.5
287,-0.04057379066944122,-0.03589131683111191,-0.07280080765485764,1.1263561248779297,-0.040961120277643204,1.568228840827942,-0.07494263350963593,0.7250000238418579,-0.13159364461898804,-0.0005752427969127893,-0.12589599192142487,-0.05645596981048584,-0.13211409747600555,0.13260716199874878,-0.03782906010746956,-0.0,0.24240989983081818,-0.06076787784695625,-0.08754284679889679,0.1565253585577011,-0.9874297976493835,0.021957941353321075,-0.9859915375709534,-0.1575171798467636,-0.054853878915309906,-0.7172276973724365,-1.1415143013000488,-0.5284454226493835,-0.048767730593681335,-0.8102371096611023,0.774020254611969,-0.11948966979980469,0.12636764347553253,-0.06209062039852142,-0.0359448567032814,-0.08865416795015335,1.124893069267273,-0.06526823341846466,1.591449499130249,-0.07852732390165329,116.5
288,-0.04580466449260712,-0.0358893983066082,-0.0780949592590332,1.1263004541397095,-0.046307045966386795,1.5734999179840088,-0.07602983713150024,0.7250000238418579,-0.1269095242023468,0.0010135229676961899,-0.1274847537279129,-0.016846396028995514,-0.13290847837924957,0.1319771260023117,-0.030542653053998947,-0.0,0.24663567543029785,-0.06786051392555237,-0.08748283982276917,0.1607983261346817,-0.9867477416992188,0.02174263820052147,-0.9853469133377075,-0.16176167130470276,-0.0540798157453537,-0.7493863105773926,-1.0432391166687012,-0.5318709015846252,-0.0018187463283538818,-0.8440557718276978,0.6564893126487732,-0.10844256728887558,0.12366224080324173,-0.06828625500202179,-0.0359448567032814,-0.09405108541250229,1.1262458562850952,-0.07162871956825256,1.593194603919983,-0.07928311079740524,116.5
289,-0.05282454565167427,-0.035895150154829025,-0.085101418197155,1.1256370544433594,-0.05326173081994057,1.5804450511932373,-0.07760792225599289,0.7250000238418579,-0.13855133950710297,-8.217753929784521e-05,-0.1392909288406372,-0.009149099700152874,-0.13770216703414917,0.13715431094169617,-0.030131764709949493,-0.0,0.25780609250068665,-0.08135141432285309,-0.08700006455183029,0.14232595264911652,-0.9896484613418579,0.01841793768107891,-0.9881206750869751,-0.1431468427181244,-0.05591487139463425,-0.8344848155975342,-0.8892742991447449,-0.5592296123504639,0.16429837048053741,-0.9666560888290405,0.41859039664268494,-0.07321515679359436,0.12491238862276077,-0.07785908877849579,-0.0359448567032814,-0.10187830775976181,1.1305660009384155,-0.08226141333580017,1.5930027961730957,-0.07980437576770782,116.5
290,-0.05835454538464546,-0.035895150154829025,-0.09060841053724289,1.1259764432907104,-0.05894129350781441,1.5860077142715454,-0.0786261036992073,0.7250000238418579,-0.12866264581680298,-3.2553324812390145e-15,-0.1280599981546402,-0.0010135229676961899,-0.1305801123380661,0.12899135053157806,-0.02569417841732502,-0.0,0.26594841480255127,-0.08754968643188477,-0.08595340698957443,0.13024818897247314,-0.9913249611854553,0.0176120363175869,-0.9896124005317688,-0.13107232749462128,-0.0590536892414093,-0.8155943155288696,-0.7822726964950562,-0.535142719745636,0.26693493127822876,-0.9608476161956787,0.2522455155849457,-0.055358510464429855,0.1213679388165474,-0.08282237499952316,-0.0359448567032814,-0.10666269063949585,1.1339844465255737,-0.08776672184467316,1.593575119972229,-0.08028686046600342,116.5
291,-0.06360267847776413,-0.03587789461016655,-0.09588338434696198,1.1281297206878662,-0.06427762657403946,1.5897160768508911,-0.07924544811248779,0.7250000238418579,-0.1263890564441681,0.0002465326397214085,-0.12707386910915375,0.03599376231431961,-0.12956659495830536,0.10461200773715973,-0.018024275079369545,-0.0,0.27417925000190735,-0.09313099086284637,-0.0854213610291481,0.11652129888534546,-0.9930824637413025,0.014492553658783436,-0.9912819266319275,-0.11718890815973282,-0.06022314727306366,-0.7997736930847168,-0.6514653563499451,-0.5005371570587158,0.30996519327163696,-0.9516602754592896,0.09693500399589539,-0.03564256802201271,0.10802877694368362,-0.08759588748216629,-0.0359448567032814,-0.10966227203607559,1.137428641319275,-0.09282743185758591,1.5926240682601929,-0.08031472563743591,116.5
292,-0.06993993371725082,-0.03590282052755356,-0.1021132692694664,1.1316770315170288,-0.07052860409021378,1.5919748544692993,-0.07982835918664932,0.7250000238418579,-0.1384965479373932,-0.00010957005724776536,-0.13726389408111572,0.07250798493623734,-0.13764739036560059,0.06316713988780975,-0.013614079914987087,-0.0,0.28887632489204407,-0.1037198081612587,-0.08577316254377365,0.08347499370574951,-0.9964488744735718,0.011024469509720802,-0.9947514533996582,-0.0839795246720314,-0.05845468491315842,-0.8379851579666138,-0.4451204538345337,-0.48765233159065247,0.39977818727493286,-1.0216386318206787,-0.1509290486574173,0.003286652732640505,0.08705893903970718,-0.09507948905229568,-0.0359448567032814,-0.10966227203607559,1.1436703205108643,-0.10052860528230667,1.587446928024292,-0.07972976565361023,116.5
293,-0.0756751075387001,-0.0359124094247818,-0.10662317276000977,1.1352052688598633,-0.07634047418832779,1.5922644138336182,-0.08006420731544495,0.7250000238418579,-0.1322510540485382,-0.0005204577464610338,-0.11332283169031143,0.07984917610883713,-0.13238802552223206,0.019174760207533836,-0.007724688854068518,-0.0,0.29496529698371887,-0.10965877771377563,-0.08610715717077255,0.07103163748979568,-0.9973998069763184,0.012168041430413723,-0.9957771301269531,-0.07161678373813629,-0.0574367381632328,-0.8123101592063904,-0.34771013259887695,-0.4723382890224457,0.4338386058807373,-1.0046054124832153,-0.26117560267448425,0.017394894734025,0.07144156098365784,-0.10004441440105438,-0.0359448567032814,-0.10966227203607559,1.148220419883728,-0.10634047538042068,1.584429144859314,-0.0795423611998558,116.5
294,-0.08162886649370193,-0.035906653851270676,-0.10853680968284607,1.1402558088302612,-0.08238627016544342,1.5896259546279907,-0.0800527036190033,0.7250000238418579,-0.1297309398651123,8.217753929784521e-05,-0.059989605098962784,0.10006485134363174,-0.13247020542621613,-0.03832212835550308,-0.0011504855938255787,-0.0,0.3009577691555023,-0.11616884917020798,-0.08602035045623779,0.06463536620140076,-0.99784255027771,0.0115122701972723,-0.9963101148605347,-0.06518029421567917,-0.055836159735918045,-0.8096552491188049,-0.23163443803787231,-0.48998621106147766,0.4547500014305115,-1.0079114437103271,-0.36909574270248413,0.0214728694409132,0.045137129724025726,-0.1059185266494751,-0.0359448567032814,-0.10966227203607559,1.1538983583450317,-0.10966227203607559,1.5785530805587769,-0.07940851897001266,116.5
295,-0.08745991438627243,-0.035906653851270676,-0.10918683558702469,1.1452336311340332,-0.08822306990623474,1.5864123106002808,-0.07985328882932663,0.7250000238418579,-0.13107317686080933,-3.2553324812390145e-15,-0.021283984184265137,0.11406242847442627,-0.13148406147956848,-0.07072747498750687,0.0030131766106933355,-0.0,0.30735448002815247,-0.12961438298225403,-0.08774662762880325,0.05860337242484093,-0.9982544183731079,0.00732988677918911,-0.9969096779823303,-0.05890604853630066,-0.05197267606854439,-0.9388039112091064,-0.0997326523065567,-0.6002040505409241,0.5204778909683228,-1.1566789150238037,-0.49016067385673523,0.028218554332852364,0.03100447542965412,-0.10966227203607559,-0.0359448567032814,-0.10966227203607559,1.1608480215072632,-0.10966227203607559,1.5717074871063232,-0.07900673151016235,116.5
296,-0.09327753633260727,-0.035906653851270676,-0.10935365408658981,1.1504989862442017,-0.09419025480747223,1.5816051959991455,-0.07959442585706711,0.7250000238418579,-0.12910091876983643,-3.2553324812390145e-15,-0.006053745746612549,0.11365154385566711,-0.13159364461898804,-0.09496984630823135,0.0057524279691278934,-0.0,0.3155875504016876,-0.13748875260353088,-0.08527521044015884,0.0546916201710701,-0.9984732270240784,0.007744844537228346,-0.9970575571060181,-0.0550280325114727,-0.05336753651499748,-0.9560497403144836,0.0009677764028310776,-0.6195878982543945,0.5604432821273804,-1.1822835206985474,-0.5942850708961487,0.042704399675130844,0.017899343743920326,-0.10966227203607559,-0.03587762266397476,-0.10966227203607559,1.1673122644424438,-0.10966227203607559,1.5637766122817993,-0.07831329852342606,116.5
297,-0.0991852805018425,-0.035906653851270676,-0.1095338985323906,1.1567155122756958,-0.10004622489213943,1.5756475925445557,-0.07925311475992203,0.7250000238418579,-0.13099099695682526,-3.2553324812390145e-15,-0.003670596983283758,0.13244280219078064,-0.1311279684305191,-0.1257590353488922,0.00693030608817935,-0.0,0.32138577103614807,-0.14426253736019135,-0.08409328013658524,0.049328532069921494,-0.9987516403198242,0.007863125763833523,-0.9972383975982666,-0.04968835413455963,-0.05519673973321915,-0.9711675643920898,0.09014507383108139,-0.6291010975837708,0.5367121696472168,-1.1942287683486938,-0.6524266004562378,0.05755654349923134,0.0025335345417261124,-0.10966227203607559,-0.03320229798555374,-0.10966227203607559,1.1728168725967407,-0.10966227203607559,1.5560747385025024,-0.07752642035484314,116.5
298,-0.1042570024728775,-0.0358663871884346,-0.10960101336240768,1.161973237991333,-0.10507001727819443,1.5703572034835815,-0.07874882221221924,0.7250000238418579,-0.12885437905788422,0.0005752427969127893,-0.002739251358434558,0.1350724846124649,-0.12762172520160675,-0.1334015429019928,0.010600903071463108,-0.0,0.3310154974460602,-0.1535225808620453,-0.0830673798918724,0.040041483938694,-0.9991912841796875,0.0036629794631153345,-0.9976393580436707,-0.04018343612551689,-0.055686917155981064,-1.0049082040786743,0.18838796019554138,-0.6531240344047546,0.5796485543251038,-1.2348257303237915,-0.752737820148468,0.07251931726932526,-0.002487787976861,-0.10966227203607559,-0.030214747413992882,-0.10966227203607559,1.1793626546859741,-0.10966227203607559,1.5477750301361084,-0.07657324522733688,116.5
299,-0.10770462453365326,-0.0345529168844223,-0.10974865406751633,1.1682491302490234,-0.1079002097249031,1.56410813331604,-0.07802017778158188,0.7250000238418579,-0.09368240088224411,0.01933911442756653,-0.0025201113894581795,0.13660646975040436,-0.08404023200273514,-0.1365242898464203,0.015202845446765423,-0.0,0.3367988169193268,-0.15751954913139343,-0.08182826638221741,0.03166307136416435,-0.9994907379150391,0.003957739099860191,-0.9978585243225098,-0.03183761611580849,-0.05713749676942825,-0.9915515184402466,0.25005435943603516,-0.65752774477005,0.5898425579071045,-1.2121078968048096,-0.7969626784324646,0.078165203332901,0.0065457578748464584,-0.10966227203607559,-0.0270512867718935,-0.10966227203607559,1.1859444379806519,-0.10966227203607559,1.5401992797851562,-0.07567521929740906,116.5
300,-0.10892222076654434,-0.032098546624183655,-0.10976208001375198,1.1740245819091797,-0.1089605763554573,1.558279037475586,-0.07718416303396225,0.7250000238418579,-0.04086963087320328,0.04818343371152878,-0.0014518032548949122,0.13277152180671692,-0.033418867737054825,-0.13296326994895935,0.017914704978466034,-0.0,0.3426881730556488,-0.16025200486183167,-0.0808926522731781,0.022493910044431686,-0.9997465014457703,0.0009944469202309847,-0.9981695413589478,-0.022514263167977333,-0.05613100156188011,-0.9708381295204163,0.29860353469848633,-0.6643183827400208,0.6192219853401184,-1.1803878545761108,-0.839634358882904,0.07695277035236359,0.02366306446492672,-0.10966227203607559,-0.0231404397636652,-0.10966227203607559,1.192601203918457,-0.10966227203607559,1.5330899953842163,-0.07487557828426361,116.5
301,-0.10928846150636673,-0.029088111594319344,-0.10976015776395798,1.1800031661987305,-0.10933448374271393,1.5523176193237305,-0.07631170749664307,0.7250000238418579,-0.012189668603241444,0.06371498852968216,2.739251431194134e-05,0.13063490390777588,-0.011888351291418076,-0.1308540403842926,0.019256938248872757,-0.0,0.35327404737472534,-0.16359585523605347,-0.0792020633816719,-0.00865885615348816,-0.999962329864502,0.0006281248643063009,-0.9983153939247131,0.008608553558588028,-0.05737772583961487,-0.948624849319458,0.36531347036361694,-0.6546537280082703,0.6624892354011536,-1.1589125394821167,-0.915591835975647,0.08228710293769836,0.03080032207071781,-0.10966227203607559,-0.01812870427966118,-0.10966227203607559,1.1998778581619263,-0.10966227203607559,1.5248498916625977,-0.0738430917263031,116.5
302,-0.10946295410394669,-0.02556762471795082,-0.10969112813472748,1.1859588623046875,-0.10948596149682999,1.5463773012161255,-0.07546035200357437,0.7250000238418579,-0.004848475102335215,0.0748363509774208,0.0010135229676961899,0.133100226521492,-0.004492372274398804,-0.13233323395252228,0.019065190106630325,-0.0,0.3567942976951599,-0.16445812582969666,-0.0791117250919342,-0.016017479822039604,-0.9998716711997986,-0.00028925156220793724,-0.9981669187545776,0.01600705459713936,-0.0583653599023819,-0.9372943043708801,0.38220512866973877,-0.650591254234314,0.6487057209014893,-1.1477488279342651,-0.9190810918807983,0.08095011115074158,0.031285353004932404,-0.10966227203607559,-0.01410146988928318,-0.10966227203607559,1.2054200172424316,-0.10966227203607559,1.518804907798767,-0.07303185015916824,116.5
303,-0.10953773558139801,-0.020718328654766083,-0.10966428369283676,1.1924859285354614,-0.10955307632684708,1.539825201034546,-0.07439998537302017,0.7250000238418579,-0.001862690900452435,0.09250452369451523,0.0008765604579821229,0.13096360862255096,-0.001725728390738368,-0.13110056519508362,0.02059916965663433,-0.0,0.36170968413352966,-0.16450482606887817,-0.07810712605714798,-0.01656743697822094,-0.9998557567596436,0.003738594241440296,-0.9980905652046204,0.016315435990691185,-0.059573110193014145,-0.9105515480041504,0.403277188539505,-0.6323489546775818,0.6530420780181885,-1.1298130750656128,-0.9420346021652222,0.07969044893980026,0.030087480321526527,-0.10966227203607559,-0.008620014414191246,-0.10966227203607559,1.2120771408081055,-0.10966227203607559,1.5115641355514526,-0.07200927287340164,116.5
304,-0.10961059480905533,-0.016290875151753426,-0.10966428369283676,1.1986467838287354,-0.10959142446517944,1.5336107015609741,-0.07350452244281769,0.7250000238418579,-0.0014244107296690345,0.09160056710243225,-2.934160775167115e-16,0.12529335916042328,-0.0008217754075303674,-0.1258138120174408,0.018846049904823303,-0.0,0.35778096318244934,-0.1516324281692505,-0.08538881689310074,-0.06811681389808655,-0.9976451396942139,0.008016981184482574,-0.9963665008544922,0.06761333346366882,-0.051789525896310806,-0.7983119487762451,0.3000175356864929,-0.547437846660614,0.5405046343803406,-1.0101690292358398,-0.8079498410224915,0.06674427539110184,0.024457091465592384,-0.10966227203607559,-0.007290348410606384,-0.10966227203607559,1.2148618698120117,-0.10966227203607559,1.5093722343444824,-0.0715021938085556,116.5
305,-0.10963743925094604,-0.012402234598994255,-0.10966428369283676,1.2038354873657227,-0.10960676521062851,1.528435468673706,-0.07271835952997208,0.7250000238418579,-0.0009039529832080007,0.09291540831327438,-2.934160775167115e-16,0.12685473263263702,-0.000493065279442817,-0.12674516439437866,0.018791263923048973,-0.0,0.3594321012496948,-0.14337828755378723,-0.08706530183553696,-0.10165908187627792,-0.9947905540466309,0.00756025779992342,-0.9935767650604248,0.10114947706460953,-0.05073408782482147,-0.6775814294815063,0.25463131070137024,-0.45616498589515686,0.47532904148101807,-0.8801596164703369,-0.7577673196792603,0.06038540601730347,0.01662074215710163,-0.10966227203607559,-0.004763297736644745,-0.10966227203607559,1.218095302581787,-0.10966227203607559,1.5057024955749512,-0.07090679556131363,116.5
306,-0.10964319109916687,-0.008812719956040382,-0.10965661704540253,1.210688591003418,-0.10961443185806274,1.521432876586914,-0.07192452251911163,0.7250000238418579,-0.0002465326397214085,0.07910957932472229,0.00010957005724776536,0.13526423275470734,-0.00021914011449553072,-0.13737346231937408,0.016928574070334435,-0.0,0.3742901384830475,-0.13631963729858398,-0.07857755571603775,-0.15949498116970062,-0.9871861338615417,-0.004986649379134178,-0.9851827025413513,0.15948988497257233,-0.06307098269462585,-0.5109664797782898,0.32145610451698303,-0.31289437413215637,0.4718030095100403,-0.7096995115280151,-0.8547202944755554,0.08082229644060135,-0.001387331634759903,-0.10966227203607559,0.0008309632539749146,-0.10966227203607559,1.2248426675796509,-0.10966227203607559,1.4957913160324097,-0.06949985027313232,116.5
307,-0.10964319109916687,-0.006398617289960384,-0.10964511334896088,1.2155052423477173,-0.10961443185806274,1.5160025358200073,-0.07127833366394043,0.7250000238418579,-1.8477282590523714e-15,0.05757906287908554,0.0002465326397214085,0.11811652034521103,-2.739251431194134e-05,-0.12759433686733246,0.014627602882683277,-0.0,0.3792074918746948,-0.1357342004776001,-0.07518938928842545,-0.15052536129951477,-0.9885903596878052,-0.005582071840763092,-0.9867973923683167,0.1505889743566513,-0.05961378663778305,-0.4860495328903198,0.32309916615486145,-0.2941474914550781,0.4656209945678711,-0.6811701059341431,-0.8529192805290222,0.09033875167369843,-0.000788101926445961,-0.10966227203607559,0.003294355235993862,-0.10966227203607559,1.2294738292694092,-0.10966227203607559,1.4904149770736694,-0.0685681700706482,116.5
308,-0.10964319109916687,-0.002174417721107602,-0.10963936150074005,1.220962405204773,-0.10961634665727615,1.509872317314148,-0.07026974111795425,0.7250000238418579,-1.8477282590523714e-15,0.07976700365543365,0.00016435507859569043,0.11359675228595734,-2.739251431194134e-05,-0.12962137162685394,0.01966782473027706,-0.0,0.38028544187545776,-0.1354544758796692,-0.07451536506414413,-0.14527878165245056,-0.989383339881897,-0.003836690681055188,-0.9875934720039368,0.1452474147081375,-0.05968541279435158,-0.4680970013141632,0.3191532492637634,-0.2870660722255707,0.4547739028930664,-0.6718603372573853,-0.8471823334693909,0.08188572525978088,-0.0024961717426776886,-0.10966227203607559,0.007400180213153362,-0.10966227203607559,1.2346056699752808,-0.10966227203607559,1.4844568967819214,-0.06781317293643951,116.5
309,-0.10964319109916687,0.0011850001756101847,-0.10963743925094604,1.226170301437378,-0.10961634665727615,1.504016399383545,-0.0692879930138588,0.7250000238418579,-1.8477282590523714e-15,0.08373891562223434,8.217753929784521e-05,0.1190478652715683,-2.739251431194134e-05,-0.13320979475975037,0.022407077252864838,-0.0,0.37981000542640686,-0.13491293787956238,-0.07494565844535828,-0.1467549353837967,-0.9891613721847534,-0.004766534548252821,-0.9874433279037476,0.14678145945072174,-0.05840284749865532,-0.46072083711624146,0.30331921577453613,-0.28564023971557617,0.40117716789245605,-0.6583277583122253,-0.8008362650871277,0.07515543699264526,-0.004497509449720383,-0.10966227203607559,0.010284574702382088,-0.10966227203607559,1.2382056713104248,-0.10966227203607559,1.4799913167953491,-0.0670333281159401,116.5
310,-0.10964319109916687,0.0051656803116202354,-0.10963743925094604,1.231744408607483,-0.10961826890707016,1.4973914623260498,-0.06832733750343323,0.7250000238418579,-1.8477282590523714e-15,0.07689078897237778,-2.934160775167115e-16,0.11209017038345337,-2.739251431194134e-05,-0.1314292848110199,0.019886964932084084,-0.0,0.37981724739074707,-0.1348215788602829,-0.07493394613265991,-0.14078806340694427,-0.9900397658348083,-8.682382758706808e-05,-0.9883042573928833,0.14054645597934723,-0.05917242914438248,-0.45972469449043274,0.2762284576892853,-0.29099586606025696,0.3552325367927551,-0.650821328163147,-0.7456474304199219,0.07309500873088837,-0.003766607493162155,-0.10966227203607559,0.013452534563839436,-0.10966227203607559,1.242401361465454,-0.10966227203607559,1.4750220775604248,-0.0661344900727272,116.5
311,-0.10964319109916687,0.008477161638438702,-0.10963168740272522,1.2358900308609009,-0.10961826890707016,1.4914281368255615,-0.06747598201036453,0.7250000238418579,-1.8477282590523714e-15,0.07612379640340805,8.217753929784521e-05,0.09757213294506073,-2.739251431194134e-05,-0.13247020542621613,0.018928227946162224,-0.0,0.3814060091972351,-0.1356966644525528,-0.07377805560827255,-0.14551351964473724,-0.9893456101417542,-0.00459417887032032,-0.9876276254653931,0.14553208649158478,-0.058413248509168625,-0.4593072235584259,0.26441270112991333,-0.2960381805896759,0.34558188915252686,-0.6543903946876526,-0.7273935675621033,0.07321172952651978,-0.002807207405567169,-0.10966227203607559,0.016409538686275482,-0.10966227203607559,1.2462575435638428,-0.10966227203607559,1.4696062803268433,-0.06527963280677795,116.5
312,-0.10964319109916687,0.011299685575067997,-0.10963168740272522,1.2396577596664429,-0.10961826890707016,1.4858003854751587,-0.06669173389673233,0.7250000238418579,-1.8477282590523714e-15,0.071494460105896,8.217753929784521e-05,0.09307976067066193,-6.106226635438361e-16,-0.13729128241539001,0.019311722368001938,-0.0,0.38030382990837097,-0.13540013134479523,-0.07449575513601303,-0.1457371711730957,-0.9893054962158203,-0.005945265293121338,-0.9876484274864197,0.14583735167980194,-0.057289279997348785,-0.4563896656036377,0.23527899384498596,-0.29972827434539795,0.2971324920654297,-0.6447399854660034,-0.6704264283180237,0.06975702196359634,-0.002890443429350853,-0.10966227203607559,0.018358055502176285,-0.10966227203607559,1.248571753501892,-0.10966227203607559,1.46568763256073,-0.06459902226924896,116.5
313,-0.10964319109916687,0.014290948398411274,-0.1096278578042984,1.2435694932937622,-0.10961826890707016,1.4797028303146362,-0.0658557116985321,0.7250000238418579,-1.8477282590523714e-15,0.06771429628133774,5.478502862388268e-05,0.0892174169421196,-6.106226635438361e-16,-0.13756521046161652,0.018983012065291405,-0.0,0.3818216323852539,-0.13585983216762543,-0.07357174903154373,-0.14586904644966125,-0.9892878532409668,-0.005637406371533871,-0.987590491771698,0.14594928920269012,-0.05799788609147072,-0.4581262469291687,0.2295094132423401,-0.3033923804759979,0.273668110370636,-0.6448704600334167,-0.6478659510612488,0.0697314441204071,-0.003078959882259369,-0.10966227203607559,0.021176230162382126,-0.10966227203607559,1.251779556274414,-0.10966227203607559,1.4602668285369873,-0.06376376748085022,116.5
314,-0.10964319109916687,0.017000341787934303,-0.1096278578042984,1.2469154596328735,-0.10961826890707016,1.473258137702942,-0.06506379693746567,0.7250000238418579,-1.8477282590523714e-15,0.05730513855814934,2.739251431194134e-05,0.07196013629436493,-6.106226635438361e-16,-0.13033358752727509,0.01643550768494606,-0.0,0.38148069381713867,-0.13561159372329712,-0.07386886328458786,-0.14926613867282867,-0.9887712001800537,-0.007151400204747915,-0.9869276285171509,0.14942456781864166,-0.06038276106119156,-0.4504382908344269,0.18518327176570892,-0.3048807680606842,0.24090076982975006,-0.6322951316833496,-0.5861868858337402,0.0677792876958847,0.0008637625724077225,-0.10966227203607559,0.022555839270353317,-0.10966227203607559,1.2541425228118896,-0.10966227203607559,1.4556725025177002,-0.0630304142832756,116.5
315,-0.10964319109916687,0.01918051205575466,-0.1096278578042984,1.2495366334915161,-0.10961826890707016,1.468159556388855,-0.06440993398427963,0.7250000238418579,-1.8477282590523714e-15,0.05360715091228485,-2.934160775167115e-16,0.0647285133600235,-6.106226635438361e-16,-0.12767650187015533,0.015997229143977165,-0.0,0.3819942772388458,-0.13573101162910461,-0.07355998456478119,-0.14635303616523743,-0.9892127513885498,-0.0062356009148061275,-0.9874820709228516,0.1464659869670868,-0.058539170771837234,-0.4494194984436035,0.1678306609392166,-0.30783477425575256,0.2207084447145462,-0.6294153332710266,-0.5558199286460876,0.06632626056671143,0.0023505855351686478,-0.10966227203607559,0.02421543374657631,-0.10966227203607559,1.2561578750610352,-0.10966227203607559,1.4514849185943604,-0.06242014467716217,116.5
316,-0.10964319109916687,0.021481484174728394,-0.1096278578042984,1.2525125741958618,-0.10961826890707016,1.4611531496047974,-0.06353173404932022,0.7250000238418579,-1.8477282590523714e-15,0.04823821783065796,-2.934160775167115e-16,0.06097573786973953,-6.106226635438361e-16,-0.13698996603488922,0.01731206849217415,-0.0,0.3818442225456238,-0.13576669991016388,-0.07358235120773315,-0.1470506638288498,-0.9890955686569214,-0.008128201588988304,-0.9874022006988525,0.14727436006069183,-0.05785452201962471,-0.44944992661476135,0.14985999464988708,-0.312258780002594,0.17674000561237335,-0.6241436004638672,-0.5100103616714478,0.06518091261386871,0.001107536256313324,-0.10966227203607559,0.02597728557884693,-0.10966227203607559,1.2578147649765015,-0.10966227203607559,1.4458528757095337,-0.06157630681991577,116.5
317,-0.10964319109916687,0.023260900750756264,-0.1096278578042984,1.2548595666885376,-0.10961826890707016,1.4554678201675415,-0.0628126785159111,0.7250000238418579,-1.8477282590523714e-15,0.04119833931326866,-2.934160775167115e-16,0.0543193556368351,-6.106226635438361e-16,-0.1311827450990677,0.01651768572628498,-0.0,0.3812004327774048,-0.1356460601091385,-0.07398200780153275,-0.14820143580436707,-0.9889205098152161,-0.008519073948264122,-0.987297773361206,0.14844608306884766,-0.05662862956523895,-0.4490748643875122,0.11681901663541794,-0.31685400009155273,0.14003244042396545,-0.6173573732376099,-0.45419183373451233,0.06147489696741104,0.003970040008425713,-0.10966227203607559,0.026765473186969757,-0.10966227203607559,1.2590605020523071,-0.10966227203607559,1.4418420791625977,-0.06096842885017395,116.5
318,-0.10964319109916687,0.02482747845351696,-0.1096278578042984,1.2565910816192627,-0.10961826890707016,1.4497441053390503,-0.06207061558961868,0.7250000238418579,-1.8477282590523714e-15,0.03621290251612663,-2.934160775167115e-16,0.04245839640498161,-6.106226635438361e-16,-0.1263616681098938,0.016271153464913368,-0.0,0.3811505138874054,-0.13553965091705322,-0.0740865021944046,-0.14781557023525238,-0.9889739155769348,-0.009006842970848083,-0.9873561859130859,0.1480887532234192,-0.056546494364738464,-0.4443246126174927,0.08708609640598297,-0.3184451758861542,0.11875058710575104,-0.6103520393371582,-0.412109911441803,0.05904897674918175,0.006914352998137474,-0.10966227203607559,0.027440059930086136,-0.10966227203607559,1.2601536512374878,-0.10966227203607559,1.4373807907104492,-0.06029914319515228,116.5
319,-0.10964319109916687,0.025926193222403526,-0.1096278578042984,1.2579965591430664,-0.10961826890707016,1.4448814392089844,-0.06138991191983223,0.7250000238418579,-1.8477282590523714e-15,0.02763904631137848,-2.934160775167115e-16,0.03300797939300537,-6.106226635438361e-16,-0.1145554929971695,0.015586340799927711,-0.0,0.3822142481803894,-0.13578566908836365,-0.0734807699918747,-0.14692731201648712,-0.9891161918640137,-0.00784043874591589,-0.9874421954154968,0.14713464677333832,-0.05752622336149216,-0.44563519954681396,0.06869033724069595,-0.3215627074241638,0.10936296731233597,-0.6094577312469482,-0.3854452073574066,0.05849400535225868,0.010689770802855492,-0.10966227203607559,0.027986902743577957,-0.10966227203607559,1.261277437210083,-0.10966227203607559,1.4333181381225586,-0.05963509529829025,116.5
320,-0.10964319109916687,0.02676413021981716,-0.1096278578042984,1.2592179775238037,-0.10961826890707016,1.440584421157837,-0.0607839897274971,0.7250000238418579,-1.8477282590523714e-15,0.021831832826137543,-2.934160775167115e-16,0.030460475012660027,-6.106226635438361e-16,-0.10680340975522995,0.015093275345861912,-0.0,0.38158053159713745,-0.13560926914215088,-0.07380372285842896,-0.14749380946159363,-0.9890183806419373,-0.009392546489834785,-0.9872364401817322,0.14779165387153625,-0.05934523791074753,-0.446125864982605,0.043127380311489105,-0.324664443731308,0.08088496327400208,-0.6038368344306946,-0.3416281044483185,0.05493298918008804,0.013365315273404121,-0.10966227203607559,0.028057951480150223,-0.10966227203607559,1.2616444826126099,-0.10966227203607559,1.430335521697998,-0.059136003255844116,116.5
321,-0.10964319109916687,0.027454420924186707,-0.1096278578042984,1.2602956295013428,-0.10961826890707016,1.4366631507873535,-0.06019532307982445,0.7250000238418579,-1.8477282590523714e-15,0.018763871863484383,-2.934160775167115e-16,0.028488215059041977,-6.106226635438361e-16,-0.10181797295808792,0.01487413514405489,-0.0,0.3817671239376068,-0.13570721447467804,-0.07371857762336731,-0.14702248573303223,-0.9891040921211243,-0.0075796060264110565,-0.9874811172485352,0.1472153216600418,-0.05664477497339249,-0.44880038499832153,0.02982371114194393,-0.32857051491737366,0.06241975724697113,-0.6034740209579468,-0.31472456455230713,0.05259036645293236,0.015083899721503258,-0.10966227203607559,0.0283491313457489,-0.10966227203607559,1.2621681690216064,-0.10966227203607559,1.427221417427063,-0.05861761420965195,116.5
322,-0.10963936150074005,0.027835998684167862,-0.1096278578042984,1.2610894441604614,-0.10961826890707016,1.432826280593872,-0.059583649039268494,0.7250000238418579,5.478502862388268e-05,0.011258323676884174,-2.934160775167115e-16,0.02057177759706974,-6.106226635438361e-16,-0.08913524448871613,0.013915397226810455,-0.0,0.38208234310150146,-0.13581712543964386,-0.07351614534854889,-0.14778505265712738,-0.9889838099479675,-0.008400501683354378,-0.9873504638671875,0.1480235904455185,-0.056816086173057556,-0.44987642765045166,0.007672538980841637,-0.33170250058174133,0.05047701299190521,-0.6013386249542236,-0.2833804190158844,0.050677165389060974,0.019205888733267784,-0.10966227203607559,0.028066175058484077,-0.10966227203607559,1.262603759765625,-0.10966227203607559,1.424324870109558,-0.058063335716724396,116.5
323,-0.10963168740272522,0.02809869311749935,-0.1096278578042984,1.2617030143737793,-0.10961826890707016,1.4294400215148926,-0.05903716757893562,0.7250000238418579,0.00016435507859569043,0.006218100897967815,-2.934160775167115e-16,0.014764565043151379,-6.106226635438361e-16,-0.07817823439836502,0.012573163956403732,-0.0,0.38220053911209106,-0.13583923876285553,-0.07344243675470352,-0.14643728733062744,-0.9891888499259949,-0.00783990416675806,-0.9875525832176208,0.14664582908153534,-0.05687643960118294,-0.4509609639644623,-0.011605935171246529,-0.3347177505493164,0.039193764328956604,-0.599596381187439,-0.2555140554904938,0.04849848523736,0.022661054506897926,-0.10966227203607559,0.027750516310334206,-0.10966227203607559,1.2628787755966187,-0.10966227203607559,1.4217746257781982,-0.05758221447467804,116.5
324,-0.1096278578042984,0.028152382001280785,-0.1096278578042984,1.2621766328811646,-0.10961826890707016,1.4265331029891968,-0.05851561576128006,0.7250000238418579,0.00010957005724776536,0.0031227467115968466,-2.934160775167115e-16,0.01243620179593563,-6.106226635438361e-16,-0.07322019338607788,0.012627949006855488,-0.0,0.38221824169158936,-0.13584382832050323,-0.07334236800670624,-0.14738403260707855,-0.9890546202659607,-0.006991683039814234,-0.9872573614120483,0.1475377231836319,-0.05962783843278885,-0.45233944058418274,-0.022430675104260445,-0.3370494544506073,0.02644313871860504,-0.598558783531189,-0.23522940278053284,0.04699425771832466,0.024107912555336952,-0.10966227203607559,0.027479462325572968,-0.10966227203607559,1.262969970703125,-0.10966227203607559,1.4194762706756592,-0.057105787098407745,116.5
325,-0.10962402075529099,0.028138959780335426,-0.1096278578042984,1.2626157999038696,-0.10961826890707016,1.423369288444519,-0.0579250305891037,0.7250000238418579,8.217753929784521e-05,-8.217753929784521e-05,-2.934160775167115e-16,0.009614772163331509,-6.106226635438361e-16,-0.06574203073978424,0.012162276543676853,-0.0,0.38277921080589294,-0.1359647661447525,-0.07300032675266266,-0.14806991815567017,-0.9889600276947021,-0.005770659539848566,-0.9871464967727661,0.14814819395542145,-0.05994907394051552,-0.45435336232185364,-0.031063931062817574,-0.33941325545310974,0.018107444047927856,-0.5989358425140381,-0.21901391446590424,0.045684169977903366,0.026081310585141182,-0.10966227203607559,0.027207043021917343,-0.10966227203607559,1.2631590366363525,-0.10966227203607559,1.4167988300323486,-0.05655450373888016,116.5
326,-0.10962018370628357,0.02800857089459896,-0.1096278578042984,1.2627768516540527,-0.10961826890707016,1.4211066961288452,-0.0574648380279541,0.7250000238418579,0.00010957005724776536,-0.0020544384606182575,-2.934160775167115e-16,0.005697642918676138,-6.106226635438361e-16,-0.05867476388812065,0.011614426039159298,-0.0,0.3819212317466736,-0.13576218485832214,-0.07361044734716415,-0.1465865969657898,-0.9891679883003235,-0.007681774906814098,-0.9875404834747314,0.1467859297990799,-0.056724436581134796,-0.45306670665740967,-0.05339890718460083,-0.3413577973842621,0.0020714253187179565,-0.5944287776947021,-0.1869143545627594,0.04185539111495018,0.028907833620905876,-0.10966227203607559,0.026406602934002876,-0.10966227203607559,1.2628389596939087,-0.10966227203607559,1.415499210357666,-0.056209176778793335,116.5
327,-0.10961443185806274,0.027682600542902946,-0.1096278578042984,1.2629417181015015,-0.10961826890707016,1.4185564517974854,-0.05693177878856659,0.7250000238418579,0.00010957005724776536,-0.006081138271838427,-2.934160775167115e-16,0.0035336343571543694,-6.106226635438361e-16,-0.05645596981048584,0.011696603149175644,-0.0,0.381898432970047,-0.13575303554534912,-0.0736691877245903,-0.1466658115386963,-0.9891566038131714,-0.007637910079210997,-0.9875373840332031,0.14686261117458344,-0.05657999962568283,-0.4544467628002167,-0.06240411102771759,-0.3435656726360321,-0.011827245354652405,-0.5929808020591736,-0.16755487024784088,0.041085384786129,0.029835978522896767,-0.10966227203607559,0.025810478255152702,-0.10966227203607559,1.2625869512557983,-0.10966227203607559,1.4135297536849976,-0.055699218064546585,116.5
328,-0.10960868000984192,0.027070926502346992,-0.1096278578042984,1.262953281402588,-0.10961826890707016,1.4166868925094604,-0.056496512144804,0.7250000238418579,0.00010957005724776536,-0.011641818098723888,-2.934160775167115e-16,0.00147919578012079,-6.106226635438361e-16,-0.04664945229887962,0.010436547920107841,-0.0,0.3818131685256958,-0.1357460767030716,-0.07368176430463791,-0.14669792354106903,-0.9891518354415894,-0.007638486567884684,-0.9875307083129883,0.1468946784734726,-0.05661332979798317,-0.45724189281463623,-0.075471892952919,-0.3464226722717285,-0.023033693432807922,-0.5918898582458496,-0.1453397274017334,0.039554476737976074,0.032485231757164,-0.10966227203607559,0.02480676956474781,-0.10966227203607559,1.262262225151062,-0.10966227203607559,1.412326693534851,-0.055309876799583435,116.5
329,-0.10960676521062851,0.026420902460813522,-0.1096278578042984,1.262953281402588,-0.10961826890707016,1.4150397777557373,-0.056082338094711304,0.7250000238418579,8.217753929784521e-05,-0.015449377708137035,-2.934160775167115e-16,1.0150610964626224e-15,-6.106226635438361e-16,-0.040568314492702484,0.009943482466042042,-0.0,0.38288581371307373,-0.13601477444171906,-0.07298041135072708,-0.14611868560314178,-0.9892424941062927,-0.006968681234866381,-0.987598180770874,0.14627757668495178,-0.057032763957977295,-0.46119970083236694,-0.07177367806434631,-0.3484856188297272,-0.021408453583717346,-0.5954467058181763,-0.14664500951766968,0.0406242273747921,0.033504754304885864,-0.10966227203607559,0.024267693981528282,-0.10966227203607559,1.2623109817504883,-0.10966227203607559,1.4106404781341553,-0.05486360937356949,116.5
330,-0.10960676521062851,0.025609809905290604,-0.1096278578042984,1.262842059135437,-0.10961826890707016,1.4135441780090332,-0.0556662455201149,0.7250000238418579,2.739251431194134e-05,-0.018681693822145462,-2.934160775167115e-16,-0.0015887657646089792,-6.106226635438361e-16,-0.03903433308005333,0.010409154929220676,-0.0,0.3823821246623993,-0.1358274668455124,-0.07332870364189148,-0.1459837406873703,-0.9892599582672119,-0.0073093147948384285,-0.9876390695571899,0.14616286754608154,-0.0566171333193779,-0.4607248902320862,-0.08157898485660553,-0.3494968116283417,-0.03630395978689194,-0.5916959643363953,-0.1267663538455963,0.039453376084566116,0.03419388830661774,-0.10966227203607559,0.023162441328167915,-0.10966227203607559,1.261752963066101,-0.10966227203607559,1.4097411632537842,-0.05448264628648758,116.5
331,-0.1096048429608345,0.02478337660431862,-0.1096278578042984,1.262663722038269,-0.10961826890707016,1.4118471145629883,-0.05520796775817871,0.7250000238418579,2.739251431194134e-05,-0.019229544326663017,-2.934160775167115e-16,-0.003834951901808381,-6.106226635438361e-16,-0.037445567548274994,0.010244800709187984,-0.0,0.38150280714035034,-0.13563859462738037,-0.0738004669547081,-0.14728249609470367,-0.9890599250793457,-0.008266826160252094,-0.9873029589653015,0.14751340448856354,-0.05892891809344292,-0.4598972201347351,-0.09459419548511505,-0.35112759470939636,-0.05099643021821976,-0.5885434150695801,-0.10449184477329254,0.037247154861688614,0.035047002136707306,-0.10966227203607559,0.02194555103778839,-0.10966227203607559,1.2611337900161743,-0.10966227203607559,1.408712387084961,-0.054090552031993866,116.5
332,-0.1096029281616211,0.02387065812945366,-0.1096278578042984,1.262188196182251,-0.10961826890707016,1.4106065034866333,-0.05478804185986519,0.7250000238418579,5.478502862388268e-05,-0.01942129246890545,-2.934160775167115e-16,-0.008354716934263706,-6.106226635438361e-16,-0.03092614747583866,0.009642165154218674,-0.0,0.38282641768455505,-0.13602636754512787,-0.07308617979288101,-0.1465207040309906,-0.9891835451126099,-0.006898079067468643,-0.9875412583351135,0.14667491614818573,-0.056997187435626984,-0.4629257321357727,-0.08887332677841187,-0.35302478075027466,-0.03714989125728607,-0.5948212146759033,-0.11578759551048279,0.03811163082718849,0.03653496503829956,-0.10966227203607559,0.02120445854961872,-0.10966227203607559,1.2610737085342407,-0.10966227203607559,1.407132863998413,-0.05364469066262245,116.5
333,-0.1096029281616211,0.02282179892063141,-0.1096278578042984,1.2616033554077148,-0.10961826890707016,1.409479022026062,-0.05441029742360115,0.7250000238418579,2.739251431194134e-05,-0.022434469312429428,-2.934160775167115e-16,-0.012682734057307243,-6.106226635438361e-16,-0.025392860174179077,0.00868342723697424,-0.0,0.38223856687545776,-0.13585880398750305,-0.07333800196647644,-0.14825652539730072,-0.9889169931411743,-0.007948634214699268,-0.9871335625648499,0.14846637845039368,-0.059371836483478546,-0.4616473615169525,-0.1029396504163742,-0.3537296950817108,-0.04452739655971527,-0.5914195775985718,-0.09695221483707428,0.03680871054530144,0.03848095238208771,-0.10966227203607559,0.0197336096316576,-0.10966227203607559,1.2602674961090088,-0.10966227203607559,1.4065704345703125,-0.053306035697460175,116.5
334,-0.1096029281616211,0.021970439702272415,-0.1096278578042984,1.2613195180892944,-0.10961826890707016,1.4082748889923096,-0.054017215967178345,0.7250000238418579,-1.8477282590523714e-15,-0.022297507151961327,-2.934160775167115e-16,-0.009614772163331509,-6.106226635438361e-16,-0.027995148673653603,0.00923127681016922,-0.0,0.3829146921634674,-0.13600286841392517,-0.0729813203215599,-0.1461775153875351,-0.989231288433075,-0.007317551411688328,-0.9875747561454773,0.14635610580444336,-0.05723632127046585,-0.4651062488555908,-0.09191899001598358,-0.3551705777645111,-0.04751289635896683,-0.5947376489639282,-0.1032831221818924,0.03774401172995567,0.03711281716823578,-0.10966227203607559,0.019212869927287102,-0.10966227203607559,1.2598941326141357,-0.10966227203607559,1.4051764011383057,-0.052884895354509354,116.5
335,-0.10960101336240768,0.020683813840150833,-0.1096278578042984,1.260744333267212,-0.10961826890707016,1.4072068929672241,-0.05359345301985741,0.7250000238418579,2.739251431194134e-05,-0.025913318619132042,-2.934160775167115e-16,-0.010463939979672432,-6.106226635438361e-16,-0.026159850880503654,0.009587380103766918,-0.0,0.3827131986618042,-0.13593457639217377,-0.0731336697936058,-0.14622771739959717,-0.9892269372940063,-0.00689135305583477,-0.9876002669334412,0.14638245105743408,-0.056725770235061646,-0.46684128046035767,-0.0961303859949112,-0.35689786076545715,-0.05715823173522949,-0.5937675833702087,-0.09114761650562286,0.037473972886800766,0.037665970623493195,-0.10966227203607559,0.017799902707338333,-0.10966227203607559,1.2590296268463135,-0.10966227203607559,1.4044724702835083,-0.05246923491358757,116.5
336,-0.10960101336240768,0.01958318240940571,-0.1096278578042984,1.2602074146270752,-0.10961826890707016,1.4059125185012817,-0.05313517525792122,0.7250000238418579,-1.8477282590523714e-15,-0.024214982986450195,-2.934160775167115e-16,-0.011641818098723888,-6.106226635438361e-16,-0.024954579770565033,0.00920388475060463,-0.0,0.3827914893627167,-0.1360030621290207,-0.07302797585725784,-0.14664003252983093,-0.989159882068634,-0.00771120423451066,-0.9875498414039612,0.1468411684036255,-0.056417807936668396,-0.4678031802177429,-0.09629864990711212,-0.35830387473106384,-0.058787308633327484,-0.5954541563987732,-0.08857493102550507,0.03665188327431679,0.03790464997291565,-0.10966227203607559,0.016694223508238792,-0.10966227203607559,1.258443832397461,-0.10966227203607559,1.4032552242279053,-0.0520356222987175,116.5
337,-0.10960101336240768,0.018344493582844734,-0.10962977260351181,1.2593905925750732,-0.10961826890707016,1.4049001932144165,-0.05267498269677162,0.7250000238418579,-1.8477282590523714e-15,-0.021968796849250793,-2.739251431194134e-05,-0.014024967327713966,-6.106226635438361e-16,-0.019832180812954903,0.008491679094731808,-0.0,0.38267427682876587,-0.13597413897514343,-0.07306127995252609,-0.14739732444286346,-0.9890464544296265,-0.007816812954843044,-0.9872775673866272,0.14760106801986694,-0.059134889394044876,-0.46764320135116577,-0.10065425932407379,-0.35906392335891724,-0.05642973631620407,-0.5963888764381409,-0.08491143584251404,0.03503309562802315,0.039178527891635895,-0.10966227203607559,0.015324866399168968,-0.10966227203607559,1.2576977014541626,-0.10966227203607559,1.4023528099060059,-0.05162398889660835,116.5
338,-0.10960101336240768,0.0173569917678833,-0.10964127629995346,1.2588249444961548,-0.10961826890707016,1.4039663076400757,-0.05231449753046036,0.7250000238418579,-1.8477282590523714e-15,-0.022187937051057816,-0.0001917476038215682,-0.013477116823196411,-6.106226635438361e-16,-0.01939390040934086,0.008135576732456684,-0.0,0.38306888937950134,-0.13606847822666168,-0.07288941740989685,-0.14659260213375092,-0.9891729950904846,-0.006882829125970602,-0.9875279068946838,0.1467457413673401,-0.05704670026898384,-0.4700148403644562,-0.09646767377853394,-0.36035269498825073,-0.05736064165830612,-0.5987298488616943,-0.08641791343688965,0.035390932112932205,0.039055824279785156,-0.10966227203607559,0.014462960883975029,-0.10966227203607559,1.2571041584014893,-0.10966227203607559,1.4013737440109253,-0.05125276744365692,116.5
339,-0.10960101336240768,0.015947647392749786,-0.10964319109916687,1.2579946517944336,-0.10962209850549698,1.4028120040893555,-0.051840879023075104,0.7250000238418579,-1.8477282590523714e-15,-0.02487240359187126,-5.478502862388268e-05,-0.014654994942247868,-5.478502862388268e-05,-0.021119628101587296,0.008519072085618973,-0.0,0.382913202047348,-0.13597670197486877,-0.07303309440612793,-0.146799698472023,-0.9891411662101746,-0.0070397136732935905,-0.987511932849884,0.14696189761161804,-0.05676635727286339,-0.4703584611415863,-0.09816218912601471,-0.3611302077770233,-0.06553210318088531,-0.5972660779953003,-0.07816389203071594,0.03576580807566643,0.03876040130853653,-0.10966227203607559,0.013002783060073853,-0.10966227203607559,1.256028652191162,-0.10966227203607559,1.400467038154602,-0.05076790601015091,116.5
340,-0.10960101336240768,0.014908376149833202,-0.10965470224618912,1.2574270963668823,-0.1096259355545044,1.4018666744232178,-0.051474642008543015,0.7250000238418579,-1.8477282590523714e-15,-0.022160543128848076,-0.00016435507859569043,-0.012052706442773342,-8.217753929784521e-05,-0.019119974225759506,0.007669903803616762,-0.0,0.3832666575908661,-0.13613054156303406,-0.07263506203889847,-0.14914585649967194,-0.9888018369674683,-0.005135481245815754,-0.987028181552887,0.1491864025592804,-0.05931960418820381,-0.47409361600875854,-0.09151190519332886,-0.363114595413208,-0.06430533528327942,-0.6018646955490112,-0.0832650363445282,0.03532112017273903,0.03848695755004883,-0.10966227203607559,0.012163019739091396,-0.10966227203607559,1.255497932434082,-0.10966227203607559,1.3993687629699707,-0.05041500926017761,116.5
341,-0.10960101336240768,0.013694613240659237,-0.10965470224618912,1.2565431594848633,-0.10963936150074005,1.4009329080581665,-0.05099910870194435,0.7250000238418579,-1.8477282590523714e-15,-0.022927533835172653,-2.739251431194134e-05,-0.015860265120863914,-0.00021914011449553072,-0.01865430176258087,0.008929959498345852,-0.0,0.3833096921443939,-0.13614654541015625,-0.07263387739658356,-0.14746291935443878,-0.98905348777771,-0.00527690164744854,-0.9872516393661499,0.1475132256746292,-0.059783339500427246,-0.4741661548614502,-0.092524453997612,-0.3639543950557709,-0.06235918402671814,-0.6027467250823975,-0.0822935551404953,0.03533535078167915,0.03891661763191223,-0.10966227203607559,0.010918878950178623,-0.10966227203607559,1.2546724081039429,-0.10966227203607559,1.3984640836715698,-0.049939051270484924,116.5
342,-0.10960101336240768,0.01272628828883171,-0.10966045409440994,1.2559391260147095,-0.10965853184461594,1.4000182151794434,-0.050652045756578445,0.7250000238418579,-1.8477282590523714e-15,-0.022954925894737244,-8.217753929784521e-05,-0.015120667405426502,-0.0004108877037651837,-0.019804786890745163,0.008409501984715462,-0.0,0.38270559906959534,-0.13593614101409912,-0.0731220543384552,-0.14794281125068665,-0.9889572858810425,-0.008743207901716232,-0.9873462915420532,0.14820067584514618,-0.05642563849687576,-0.47223764657974243,-0.09949247539043427,-0.3634308874607086,-0.07451212406158447,-0.5985380411148071,-0.0680338442325592,0.03379298374056816,0.038892343640327454,-0.10966227203607559,0.009741513058543205,-0.10966227203607559,1.2537037134170532,-0.10966227203607559,1.3979772329330444,-0.049638256430625916,116.5
343,-0.10960101336240768,0.011589224450290203,-0.10966236889362335,1.2550972700119019,-0.10966812074184418,1.3990365266799927,-0.05019376799464226,0.7250000238418579,-1.8477282590523714e-15,-0.022105759009718895,-5.478502862388268e-05,-0.015723302960395813,-0.0002465326397214085,-0.019886964932084084,0.00871081929653883,-0.0,0.38311460614204407,-0.13603119552135468,-0.07284525781869888,-0.14855821430683136,-0.9888755679130554,-0.007453205995261669,-0.9872406125068665,0.14874108135700226,-0.056851521134376526,-0.4737342596054077,-0.0943906307220459,-0.3642711937427521,-0.07143871486186981,-0.6012041568756104,-0.07314419746398926,0.03416769206523895,0.03869792819023132,-0.10966227203607559,0.008757506497204304,-0.10966227203607559,1.252954125404358,-0.10966227203607559,1.3968422412872314,-0.04916873946785927,116.5
344,-0.10960101336240768,0.010434904135763645,-0.10966620594263077,1.254286289215088,-0.10967003554105759,1.3983711004257202,-0.04986779764294624,0.7250000238418579,-1.8477282590523714e-15,-0.024899795651435852,-5.478502862388268e-05,-0.017859918996691704,-8.217753929784521e-05,-0.016243761405348778,0.007889044471085072,-0.0,0.3827957212924957,-0.13596293330192566,-0.07294048368930817,-0.1486634463071823,-0.9888679385185242,-0.006277664098888636,-0.9870633482933044,0.14877162873744965,-0.05977436155080795,-0.4752539396286011,-0.10040724277496338,-0.3659462630748749,-0.07470524311065674,-0.6011295318603516,-0.06378906965255737,0.034064989537000656,0.03983668237924576,-0.10966227203607559,0.00742268655449152,-0.10966227203607559,1.2520451545715332,-0.10966227203607559,1.3964574337005615,-0.04884584993124008,116.5
345,-0.10960101336240768,0.009303593076765537,-0.10966620594263077,1.253421425819397,-0.10967195779085159,1.3974181413650513,-0.04941719025373459,0.7250000238418579,-1.8477282590523714e-15,-0.02358495444059372,-2.739251431194134e-05,-0.01755860075354576,-2.739251431194134e-05,-0.017805134877562523,0.008519072085618973,-0.0,0.38345828652381897,-0.13619476556777954,-0.07254782319068909,-0.14874887466430664,-0.9888626337051392,-0.004944538697600365,-0.9870895147323608,0.1487787812948227,-0.05932250991463661,-0.4787139892578125,-0.09036017954349518,-0.3677211105823517,-0.0693032443523407,-0.6065188646316528,-0.07458113133907318,0.0349612720310688,0.03913857042789459,-0.10966227203607559,0.0065927887335419655,-0.10966227203607559,1.2513422966003418,-0.10966227203607559,1.3951807022094727,-0.04836835339665413,116.5
346,-0.10960868000984192,0.00815502554178238,-0.10966620594263077,1.252547025680542,-0.109673872590065,1.3967623710632324,-0.04904903471469879,0.7250000238418579,-0.00010957005724776536,-0.024351945146918297,-2.934160775167115e-16,-0.0187090877443552,-2.739251431194134e-05,-0.016161583364009857,0.008491679094731808,-0.0,0.38274338841438293,-0.1359407752752304,-0.07310881465673447,-0.14792147278785706,-0.9889681339263916,-0.007822733372449875,-0.9873680472373962,0.1481269896030426,-0.0562383309006691,-0.4764018654823303,-0.10047604143619537,-0.3671559989452362,-0.07810904085636139,-0.6021500825881958,-0.059292253106832504,0.03307909145951271,0.040082648396492004,-0.10966227203607559,0.005140744149684906,-0.10966227203607559,1.2502037286758423,-0.10966227203607559,1.3949836492538452,-0.04805666208267212,116.5
347,-0.1096259355545044,0.007019879762083292,-0.10966812074184418,1.251663088798523,-0.109673872590065,1.3956674337387085,-0.048577338457107544,0.7250000238418579,-0.00032871015719138086,-0.02169487066566944,-2.739251431194134e-05,-0.016764217987656593,-6.106226635438361e-16,-0.018846049904823303,0.008491679094731808,-0.0,0.38338369131088257,-0.13616804778575897,-0.07251156121492386,-0.14872699975967407,-0.9888628125190735,-0.005530082620680332,-0.9870573282241821,0.14879003167152405,-0.05982724204659462,-0.4804166555404663,-0.0873263031244278,-0.3689061105251312,-0.07261620461940765,-0.6084715127944946,-0.07321077585220337,0.03432166203856468,0.03864035755395889,-0.10966227203607559,0.004400091711431742,-0.10966227203607559,1.249484658241272,-0.10966227203607559,1.393471121788025,-0.04754769057035446,116.5
348,-0.10963936150074005,0.005627791862934828,-0.10966812074184418,1.2505701780319214,-0.109673872590065,1.395034670829773,-0.04816316068172455,0.7250000238418579,-0.00021914011449553072,-0.02268100157380104,-2.934160775167115e-16,-0.017805134877562523,-6.106226635438361e-16,-0.011367893777787685,0.007012483663856983,-0.0,0.38305315375328064,-0.1360497921705246,-0.07278450578451157,-0.14829300343990326,-0.9889179468154907,-0.007100343704223633,-0.9871371984481812,0.14845207333564758,-0.059347398579120636,-0.4808517396450043,-0.09596151113510132,-0.36963632702827454,-0.07449090480804443,-0.6073962450027466,-0.06244206055998802,0.03247877582907677,0.0406954362988472,-0.10966227203607559,0.002748947124928236,-0.10966227203607559,1.2483354806900024,-0.10966227203607559,1.393161416053772,-0.04718879610300064,116.5
349,-0.10965277999639511,0.004692063666880131,-0.10967003554105759,1.24980890750885,-0.109673872590065,1.3939341306686401,-0.04772789403796196,0.7250000238418579,-0.0002739251358434558,-0.017996881157159805,-2.739251431194134e-05,-0.014408462680876255,-6.106226635438361e-16,-0.018681693822145462,0.007724688854068518,-0.0,0.38303622603416443,-0.13606667518615723,-0.07276447117328644,-0.14869286119937897,-0.988861083984375,-0.006642092950642109,-0.9870777130126953,0.14882372319698334,-0.05940597504377365,-0.4819510579109192,-0.08692504465579987,-0.37024301290512085,-0.07795726507902145,-0.6098043918609619,-0.06827643513679504,0.032295677810907364,0.038479194045066833,-0.10966227203607559,0.002084312029182911,-0.10966227203607559,1.2474701404571533,-0.10966227203607559,1.3918858766555786,-0.046759024262428284,116.5
350,-0.10965853184461594,0.0036604616325348616,-0.10967003554105759,1.2489997148513794,-0.109673872590065,1.393416404724121,-0.04742109775543213,0.7250000238418579,-0.0001369625679217279,-0.020215675234794617,-2.934160775167115e-16,-0.016216367483139038,-6.106226635438361e-16,-0.013997574336826801,0.007122053764760494,-0.0,0.38289082050323486,-0.13599953055381775,-0.07292308658361435,-0.14802676439285278,-0.98896324634552,-0.006306419614702463,-0.9871543645858765,0.148137629032135,-0.05984550341963768,-0.48279839754104614,-0.09249401092529297,-0.3711749017238617,-0.07888514548540115,-0.6094315052032471,-0.061028193682432175,0.03173387050628662,0.039883874356746674,-0.10966227203607559,0.0008856419008225203,-0.10966227203607559,1.2466331720352173,-0.10966227203607559,1.3915855884552002,-0.046469081193208694,116.5
351,-0.10967003554105759,0.0026940538082271814,-0.10967003554105759,1.248152256011963,-0.109673872590065,1.392532467842102,-0.04705677926540375,0.7250000238418579,-0.00021914011449553072,-0.02257143147289753,-2.934160775167115e-16,-0.018928227946162224,-6.106226635438361e-16,-0.0165998637676239,0.007642511278390884,-0.0,0.38301345705986023,-0.13603806495666504,-0.07277531921863556,-0.14850175380706787,-0.9888954758644104,-0.005742606241255999,-0.9871237277984619,0.14857977628707886,-0.05925142392516136,-0.4832799434661865,-0.09190580248832703,-0.3717794418334961,-0.07978857308626175,-0.6098942756652832,-0.05985499545931816,0.03298947587609291,0.03963164985179901,-0.10966227203607559,-6.312108598649502e-05,-0.10966227203607559,1.2457586526870728,-0.10966227203607559,1.3907368183135986,-0.046067096292972565,116.5
352,-0.10967195779085159,0.0015627429820597172,-0.10967003554105759,1.2471455335617065,-0.109673872590065,1.3919092416763306,-0.04666369408369064,0.7250000238418579,-8.217753929784521e-05,-0.022078366950154305,-2.934160775167115e-16,-0.019859572872519493,-6.106226635438361e-16,-0.014682387933135033,0.007971221581101418,-0.0,0.3828282356262207,-0.135959655046463,-0.07301976531744003,-0.14730003476142883,-0.9890655875205994,-0.007207457907497883,-0.9874609112739563,0.14747153222560883,-0.056330110877752304,-0.48292961716651917,-0.0953359603881836,-0.371946781873703,-0.08059245347976685,-0.6093389391899109,-0.05526058003306389,0.0316883809864521,0.040461115539073944,-0.10966227203607559,-0.0012973356060683727,-0.10966227203607559,1.2447277307510376,-0.10966227203607559,1.3902513980865479,-0.045713044703006744,116.5
353,-0.10967579483985901,0.00041992723708972335,-0.10967003554105759,1.2462232112884521,-0.109673872590065,1.3911690711975098,-0.04627828299999237,0.7250000238418579,-8.217753929784521e-05,-0.023091889917850494,-2.934160775167115e-16,-0.018846049904823303,-6.106226635438361e-16,-0.0138606121763587,0.007724688854068518,-0.0,0.3823642134666443,-0.1358487755060196,-0.07322739064693451,-0.14850561320781708,-0.9888782501220703,-0.008117935620248318,-0.9871315360069275,0.14872562885284424,-0.05875379219651222,-0.48413369059562683,-0.09888319671154022,-0.3728874623775482,-0.087249256670475,-0.6086775064468384,-0.04665746912360191,0.030921516939997673,0.040672630071640015,-0.10966227203607559,-0.002546569798141718,-0.10966227203607559,1.2436057329177856,-0.10966227203607559,1.3897693157196045,-0.04535064101219177,116.5
354,-0.10967579483985901,-0.0004870388947892934,-0.10967003554105759,1.2453871965408325,-0.109673872590065,1.390674352645874,-0.045998331159353256,0.7250000238418579,-5.478502862388268e-05,-0.02265360951423645,-2.934160775167115e-16,-0.019886964932084084,-6.106226635438361e-16,-0.013559294864535332,0.007286408916115761,-0.0,0.3826811611652374,-0.1359487920999527,-0.07302025705575943,-0.14829199016094208,-0.9889193177223206,-0.006934658624231815,-0.9871420860290527,0.14844126999378204,-0.05929289013147354,-0.4858488440513611,-0.09502038359642029,-0.37387534976005554,-0.08188845217227936,-0.6116849780082703,-0.05244701728224754,0.03159595653414726,0.040708042681217194,-0.10966227203607559,-0.003337651491165161,-0.10966227203607559,1.24293053150177,-0.10966227203607559,1.3891009092330933,-0.04505045339465141,116.5
355,-0.10967579483985901,-0.0016586167039349675,-0.10967003554105759,1.2443939447402954,-0.109673872590065,1.3901374340057373,-0.04562825709581375,0.7250000238418579,-1.8477282590523714e-15,-0.024927187711000443,-2.934160775167115e-16,-0.021777048707008362,-6.106226635438361e-16,-0.011943136341869831,0.007779473904520273,-0.0,0.38228341937065125,-0.13582171499729156,-0.07330522686243057,-0.14930297434329987,-0.9887499809265137,-0.009058588184416294,-0.9869990348815918,0.14957743883132935,-0.058816999197006226,-0.4850533604621887,-0.10163196921348572,-0.3737916946411133,-0.08621635288000107,-0.609348714351654,-0.04276382550597191,0.03087841533124447,0.04160858690738678,-0.10966227203607559,-0.004707576707005501,-0.10966227203607559,1.241807460784912,-0.10966227203607559,1.3888545036315918,-0.04470190405845642,116.5
356,-0.10967770963907242,-0.002665291540324688,-0.10967003554105759,1.2435349225997925,-0.109673872590065,1.3895257711410522,-0.045315708965063095,0.7250000238418579,-2.739251431194134e-05,-0.023831486701965332,-2.934160775167115e-16,-0.020160891115665436,-6.106226635438361e-16,-0.013011444360017776,0.00742337154224515,-0.0,0.3828016221523285,-0.13592615723609924,-0.07306785136461258,-0.1478288471698761,-0.9889819622039795,-0.007830742746591568,-0.9873507022857666,0.14803461730480194,-0.05678323656320572,-0.4875394403934479,-0.09326313436031342,-0.37466710805892944,-0.08265151083469391,-0.6127961874008179,-0.051320742815732956,0.03161739185452461,0.04096341133117676,-0.10966227203607559,-0.005463185720145702,-0.10966227203607559,1.2410553693771362,-0.10966227203607559,1.387986183166504,-0.04436718672513962,116.5
357,-0.10967770963907242,-0.00392890814691782,-0.10967003554105759,1.2424190044403076,-0.109673872590065,1.3890637159347534,-0.044949471950531006,0.7250000238418579,-2.739251431194134e-05,-0.024214982986450195,-2.934160775167115e-16,-0.021311376243829727,-6.106226635438361e-16,-0.010409154929220676,0.007149446289986372,-0.0,0.3830217123031616,-0.1360560655593872,-0.07278765738010406,-0.14900220930576324,-0.9888188242912292,-0.005967649165540934,-0.9870563745498657,0.14909321069717407,-0.059084173291921616,-0.49076780676841736,-0.09052911400794983,-0.37660667300224304,-0.07692846655845642,-0.6169119477272034,-0.05555250868201256,0.03201690688729286,0.04154283553361893,-0.10966227203607559,-0.006644780747592449,-0.10966227203607559,1.2401111125946045,-0.10966227203607559,1.3873971700668335,-0.04398896545171738,116.5
358,-0.10967770963907242,-0.004995024763047695,-0.10967003554105759,1.241515874862671,-0.109673872590065,1.3883676528930664,-0.04457748308777809,0.7250000238418579,-1.8477282590523714e-15,-0.02270839363336563,-2.934160775167115e-16,-0.019284330308437347,-6.106226635438361e-16,-0.012545771896839142,0.00742337154224515,-0.0,0.3829970955848694,-0.13607384264469147,-0.07279927283525467,-0.1483837366104126,-0.9889091849327087,-0.006389179732650518,-0.9870923757553101,0.14849859476089478,-0.059972915798425674,-0.4928460419178009,-0.08563466370105743,-0.37768515944480896,-0.07809086889028549,-0.6191797852516174,-0.05833731219172478,0.03192279860377312,0.040755048394203186,-0.10966227203607559,-0.007564065046608448,-0.10966227203607559,1.239173173904419,-0.10966227203607559,1.3866175413131714,-0.0436197966337204,116.5
359,-0.10967770963907242,-0.005865558981895447,-0.10967003554105759,1.240766167640686,-0.109673872590065,1.3878307342529297,-0.04426876828074455,0.7250000238418579,-1.8477282590523714e-15,-0.021201806142926216,-2.934160775167115e-16,-0.018161237239837646,-6.106226635438361e-16,-0.01397018227726221,0.007587726227939129,-0.0,0.3825823664665222,-0.13589897751808167,-0.07305676490068436,-0.14918309450149536,-0.9887919425964355,-0.0059053851291537285,-0.9870317578315735,0.1492701768875122,-0.05904826894402504,-0.4918230175971985,-0.08772921562194824,-0.37734901905059814,-0.08358798921108246,-0.6174195408821106,-0.05272204801440239,0.030753830447793007,0.04046705365180969,-0.10966227203607559,-0.008497435599565506,-0.10966227203607559,1.2382584810256958,-0.10966227203607559,1.38624906539917,-0.04334615170955658,116.5
360,-0.10967770963907242,-0.006885656155645847,-0.10967003554105759,1.2398360967636108,-0.109673872590065,1.3871136903762817,-0.04388527199625969,0.7250000238418579,-1.8477282590523714e-15,-0.02246186137199402,-2.934160775167115e-16,-0.020051321014761925,-6.106226635438361e-16,-0.015011097304522991,0.00821775384247303,-0.0,0.38287490606307983,-0.13599097728729248,-0.07286214828491211,-0.1488870531320572,-0.9888300895690918,-0.006902242545038462,-0.987052321434021,0.149033322930336,-0.05930265039205551,-0.49294397234916687,-0.08452281355857849,-0.3778931796550751,-0.08031128346920013,-0.6192871928215027,-0.05659220740199089,0.03177550435066223,0.04037563502788544,-0.10966227203607559,-0.009421342052519321,-0.10966227203607559,1.2374267578125,-0.10966227203607559,1.3854159116744995,-0.04293200746178627,116.5
